"responsibleOrg.regNum";"responsibleOrg.fullName";"responsibleOrg.postAddress";"address.OSM";"lat";"long";"responsibleOrg.lat";"responsibleOrg.long"
"01010000001";"ЦЕНТРАЛЬНАЯ ИЗБИРАТЕЛЬНАЯ КОМИССИЯ РЕСПУБЛИКИ БАШКОРТОСТАН";"Российская Федерация, 450008, Башкортостан Респ, Уфа г, УЛИЦА ЗАКИ ВАЛИДИ, 46";"БАШКОРТОСТАН РЕСП ЗАКИ ВАЛИДИ УЛИЦА, Д. 46, УФА, РОССИЯ";-200;-200;NA;NA
"01011000004";"УПРАВЛЕНИЕ ФЕДЕРАЛЬНОЙ СЛУЖБЫ ПО НАДЗОРУ В СФЕРЕ СВЯЗИ, ИНФОРМАЦИОННЫХ ТЕХНОЛОГИЙ И МАССОВЫХ КОММУНИКАЦИЙ ПО РЕСПУБЛИКЕ БАШКОРТОСТАН";"Российская Федерация, 450005, Башкортостан Респ, Уфа г, УЛ 50-ЛЕТИЯ ОКТЯБРЯ, 20/1";"БАШКОРТОСТАН РЕСП 50-ЛЕТИЯ ОКТЯБРЯ УЛИЦА, Д. 20/1, УФА, РОССИЯ";-200;-200;NA;NA
"01011000006";"УПРАВЛЕНИЕ СУДЕБНОГО ДЕПАРТАМЕНТА В РЕСПУБЛИКЕ БАШКОРТОСТАН";"Российская Федерация, 450076, Башкортостан Респ, Уфа г, ул Аксакова, 71";"БАШКОРТОСТАН РЕСП АКСАКОВА УЛИЦА, Д. 71, УФА, РОССИЯ";-200;-200;NA;NA
"01011000009";"МИНИСТЕРСТВО ВНУТРЕННИХ ДЕЛ ПО РЕСПУБЛИКЕ БАШКОРТОСТАН";"Российская Федерация, 450008, Башкортостан Респ, Уфа г, УЛ ЛЕНИНА, 7";"БАШКОРТОСТАН РЕСП ЛЕНИНА УЛИЦА, Д. 7, УФА, РОССИЯ";-200;-200;NA;NA
"01011000010";"УПРАВЛЕНИЕ ФЕДЕРАЛЬНОЙ НАЛОГОВОЙ СЛУЖБЫ ПО РЕСПУБЛИКЕ БАШКОРТОСТАН";"Российская Федерация, 450078, Башкортостан Респ, Уфа г, ПРОСПЕКТ САЛАВАТА ЮЛАЕВА, 55";"БАШКОРТОСТАН РЕСППРОСПЕКТСПЕКТ САЛАВАТА ЮЛАЕВА, Д. 55, УФА, РОССИЯ";-200;-200;NA;NA
"01011000011";"УПРАВЛЕНИЕ ФЕДЕРАЛЬНОЙ СЛУЖБЫ ПО НАДЗОРУ В СФЕРЕ ЗАЩИТЫ ПРАВ ПОТРЕБИТЕЛЕЙ И БЛАГОПОЛУЧИЯ ЧЕЛОВЕКА ПО РЕСПУБЛИКЕ БАШКОРТОСТАН";"Российская Федерация, 450054, Башкортостан Респ, Уфа г, УЛ РИХАРДА ЗОРГЕ, 58";"БАШКОРТОСТАН РЕСП РИХАРДА ЗОРГЕ УЛИЦА, Д. 58, УФА, РОССИЯ";-200;-200;NA;NA
"01011000073";"ГЛАВНОЕ УПРАВЛЕНИЕ МИНИСТЕРСТВА РОССИЙСКОЙ ФЕДЕРАЦИИ ПО ДЕЛАМ ГРАЖДАНСКОЙ ОБОРОНЫ, ЧРЕЗВЫЧАЙНЫМ СИТУАЦИЯМ И ЛИКВИДАЦИИ ПОСЛЕДСТВИЙ СТИХИЙНЫХ БЕДСТВИЙ ПО РЕСПУБЛИКЕ БАШКОРТОСТАН";"Российская Федерация, 450005, Башкортостан Респ, Уфа г, УЛ 8 МАРТА, 12/1";"БАШКОРТОСТАН РЕСП 8 МАА УЛИЦА, Д. 12/1, УФА, РОССИЯ";-200;-200;NA;NA
"01011000081";"БАШКОРТОСТАНСКАЯ ТАМОЖНЯ";"Российская Федерация, 450076, Башкортостан Респ, Уфа г, ПУШКИНА, 86";"БАШКОРТОСТАН РЕСП ПУШКИНА, Д. 86, УФА, РОССИЯ";-200;-200;NA;NA
"01011000094";"ФЕДЕРАЛЬНОЕ КАЗЕННОЕ УЧРЕЖДЕНИЕ ЗДРАВООХРАНЕНИЯ ""МЕДИКО-САНИТАРНАЯ ЧАСТЬ № 2 ФЕДЕРАЛЬНОЙ СЛУЖБЫ ИСПОЛНЕНИЯ НАКАЗАНИЙ""";"Российская Федерация, 450000, Башкортостан Респ, Уфа г, УЛ АКСАКОВА, 73/1";"БАШКОРТОСТАН РЕСП АКСАКОВА УЛИЦА, Д. 73/1, УФА, РОССИЯ";-200;-200;NA;NA
"01012000023";"АДМИНИСТРАЦИЯ МУНИЦИПАЛЬНОГО РАЙОНА ИШИМБАЙСКИЙ РАЙОН РЕСПУБЛИКИ БАШКОРТОСТАН";"Российская Федерация, 453200, Башкортостан Респ, Ишимбайский р-н, Ишимбай г, ПРОСПЕКТ ЛЕНИНА, 60/---, ---";"БАШКОРТОСТАН РЕСП,ПРОСПЕКТСПЕКТ ЛЕНИНА УЛИЦА, 60/---, Д. ---, ИШИМБАЙ, РОССИЯ";-200;-200;NA;NA
"01012000072";"МИНИСТЕРСТВО ОБРАЗОВАНИЯ РЕСПУБЛИКИ БАШКОРТОСТАН";"Российская Федерация, 450077, Башкортостан Респ, Уфа г, УЛИЦА ТЕАТРАЛЬНАЯ, 5/2";"БАШКОРТОСТАН РЕСП ТЕАТРАЛЬНАЯ УЛИЦА, Д. 5/2, УФА, РОССИЯ";-200;-200;NA;NA
"01012000080";"МИНИСТЕРСТВО ЗЕМЕЛЬНЫХ И ИМУЩЕСТВЕННЫХ ОТНОШЕНИЙ РЕСПУБЛИКИ БАШКОРТОСТАН";"Российская Федерация, 450008, Башкортостан Респ, Уфа г, УЛИЦА ЦЮРУПЫ, ДОМ 13";"БАШКОРТОСТАН РЕСП ЦЮРУПЫ УЛИЦА, Д. 13, УФА, РОССИЯ";-200;-200;NA;NA
"01012000086";"АДМИНИСТРАЦИЯ МУНИЦИПАЛЬНОГО РАЙОНА НУРИМАНОВСКИЙ РАЙОН РЕСПУБЛИКИ БАШКОРТОСТАН";"Российская Федерация, 452440, Башкортостан Респ, Нуримановский р-н, Красная Горка с, УЛ СОВЕТСКАЯ, 62";"БАШКОРТОСТАН РЕСП, СОВЕТСКАЯ УЛИЦА, Д. 62, КРАСНАЯ ГОРКА, РОССИЯ";-200;-200;NA;NA
"01012000093";"СЕКРЕТАРИАТ ГОСУДАРСТВЕННОГО СОБРАНИЯ - КУРУЛТАЯ РЕСПУБЛИКИ БАШКОРТОСТАН";"Российская Федерация, 450008, Башкортостан Респ, Уфимский р-н, Уфа г, ул. Заки Валиди, 46, -";"БАШКОРТОСТАН РЕСП, ЗАКИ ВАЛИДИ УЛИЦА, Д. 46, УФА, РОССИЯ";-200;-200;NA;NA
"01012000097";"УПРАВЛЕНИЕ ДЕЛАМИ ГЛАВЫ РЕСПУБЛИКИ БАШКОРТОСТАН";"Российская Федерация, 450101, Башкортостан Респ, Уфа г, УЛИЦА ТУКАЕВА, 46";"БАШКОРТОСТАН РЕСП ТУКАЕВА УЛИЦА, Д. 46, УФА, РОССИЯ";-200;-200;NA;NA
"01012000098";"ГОСУДАРСТВЕННАЯ ИНСПЕКЦИЯ ПО НАДЗОРУ ЗА ТЕХНИЧЕСКИМ СОСТОЯНИЕМ САМОХОДНЫХ МАШИН И ДРУГИХ ВИДОВ ТЕХНИКИ РЕСПУБЛИКИ БАШКОРТОСТАН";"Российская Федерация, 450008, Башкортостан Респ, Уфа г, УЛ ПУШКИНА, 106";"БАШКОРТОСТАН РЕСП ПУШКИНА УЛИЦА, Д. 106, УФА, РОССИЯ";-200;-200;NA;NA
"01012000102";"МИНИСТЕРСТВО ЗДРАВООХРАНЕНИЯ РЕСПУБЛИКИ БАШКОРТОСТАН";"Российская Федерация, 450002, Башкортостан Респ, Уфа г, УЛИЦА ТУКАЕВА, 23";"БАШКОРТОСТАН РЕСП ТУКАЕВА УЛИЦА, Д. 23, УФА, РОССИЯ";-200;-200;NA;NA
"01012000105";"ГОСУДАРСТВЕННЫЙ КОМИТЕТ РЕСПУБЛИКИ БАШКОРТОСТАН ПО ТОРГОВЛЕ И ЗАЩИТЕ ПРАВ ПОТРЕБИТЕЛЕЙ";"Российская Федерация, 450008, Башкортостан Респ, Уфа г, УЛИЦА ЦЮРУПЫ, 13";"БАШКОРТОСТАН РЕСП ЦЮРУПЫ УЛИЦА, Д. 13, УФА, РОССИЯ";-200;-200;NA;NA
"01012000120";"ГОСУДАРСТВЕННЫЙ КОМИТЕТ РЕСПУБЛИКИ БАШКОРТОСТАН ПО ДЕЛАМ ЮСТИЦИИ";"Российская Федерация, 450008, Башкортостан Респ, Уфа г, УЛ ЦЮРУПЫ, ДОМ 38";"БАШКОРТОСТАН РЕСП ЦЮРУПЫ УЛИЦА, Д. 38, УФА, РОССИЯ";-200;-200;NA;NA
"01012000121";"ГОСУДАРСТВЕННЫЙ КОМИТЕТ РЕСПУБЛИКИ БАШКОРТОСТАН ПО ЖИЛИЩНОМУ И СТРОИТЕЛЬНОМУ НАДЗОРУ";"Российская Федерация, 450059, Башкортостан Респ, Уфа г, УЛ СТЕПАНА ХАЛТУРИНА, ДОМ 28";"БАШКОРТОСТАН РЕСП СТЕПАНА ХАЛТУРИНА УЛИЦА, Д. 28, УФА, РОССИЯ";-200;-200;NA;NA
"01013000001";"АДМИНИСТРАЦИЯ МУНИЦИПАЛЬНОГО РАЙОНА КУЮРГАЗИНСКИЙ РАЙОН РЕСПУБЛИКИ БАШКОРТОСТАН";"Российская Федерация, 453360, Башкортостан Респ, Куюргазинский р-н, Ермолаево с, ПР-КТ МИРА, 10";"БАШКОРТОСТАН РЕСП,ПРОСПЕКТСПЕКТ МИРА, Д. 10, ЕРМОЛАЕВО, РОССИЯ";-200;-200;NA;NA
"01013000002";"АДМИНИСТРАЦИЯ ГОРОДСКОГО ОКРУГА ГОРОД АГИДЕЛЬ РЕСПУБЛИКИ БАШКОРТОСТАН";"Российская Федерация, 452920, Башкортостан Респ, Агидель г, БУЛЬВАР ЦВЕТОЧНЫЙ, 2";"БАШКОРТОСТАН РЕСП БУЛЬВАР ЦВЕТОЧНЫЙ, Д. 2, АГИДЕЛЬ, РОССИЯ";-200;-200;NA;NA
"01013000005";"АДМИНИСТРАЦИЯ МУНИЦИПАЛЬНОГО РАЙОНА АЛЬШЕЕВСКИЙ РАЙОН РЕСПУБЛИКИ БАШКОРТОСТАН";"Российская Федерация, 452120, Башкортостан Респ, Альшеевский р-н, Раевский с, УЛ ЛЕНИНА, 113";"БАШКОРТОСТАН РЕСП, ЛЕНИНА УЛИЦА, Д. 113, РАЕВСКИЙ, РОССИЯ";-200;-200;NA;NA
"01013000006";"АДМИНИСТРАЦИЯ СЕЛЬСКОГО ПОСЕЛЕНИЯ АСКИНСКИЙ СЕЛЬСОВЕТ МУНИЦИПАЛЬНОГО РАЙОНА АСКИНСКИЙ РАЙОН РЕСПУБЛИКИ БАШКОРТОСТАН";"Российская Федерация, 452880, Башкортостан Респ, Аскинский р-н, Аскино с, УЛ СОВЕТСКАЯ, 15";"БАШКОРТОСТАН РЕСП, СОВЕТСКАЯ УЛИЦА, Д. 15, АСКИНО, РОССИЯ";-200;-200;NA;NA
"01013000018";"АДМИНИСТРАЦИЯ МУНИЦИПАЛЬНОГО РАЙОНА СТЕРЛИБАШЕВСКИЙ РАЙОН РЕСПУБЛИКИ БАШКОРТОСТАН";"Российская Федерация, 453180, Башкортостан Респ, Стерлибашевский р-н, Стерлибашево с, УЛИЦА КАРЛА МАРКСА, 97";"БАШКОРТОСТАН РЕСП, КАРЛА МАРКСА УЛИЦА, Д. 97, СТЕРЛИБАШЕВО, РОССИЯ";-200;-200;NA;NA
"01013000019";"АДМИНИСТРАЦИЯ ГОРОДСКОГО ОКРУГА ГОРОД НЕФТЕКАМСК РЕСПУБЛИКИ БАШКОРТОСТАН";"Российская Федерация, 452680, Башкортостан Респ, Нефтекамск г, ПРОСПЕКТ КОМСОМОЛЬСКИЙ, ДОМ 25";"БАШКОРТОСТАН РЕСППРОСПЕКТСПЕКТ КОМСОМОЛЬСКИЙ, Д. 25, НЕФТЕКАМСК, РОССИЯ";-200;-200;NA;NA
"01013000020";"АДМИНИСТРАЦИЯ МУНИЦИПАЛЬНОГО РАЙОНА КИГИНСКИЙ РАЙОН РЕСПУБЛИКИ БАШКОРТОСТАН";"Российская Федерация, 452500, Башкортостан Респ, Кигинский р-н, Верхние Киги с, УЛ САЛАВАТА, 2";"БАШКОРТОСТАН РЕСП, САЛАВАТА УЛИЦА, Д. 2, ВЕРХНИЕ КИГИ, РОССИЯ";-200;-200;NA;NA
"01013000021";"АДМИНИСТРАЦИЯ МУНИЦИПАЛЬНОГО РАЙОНА СТЕРЛИТАМАКСКИЙ РАЙОН РЕСПУБЛИКИ БАШКОРТОСТАН";"Российская Федерация, 453124, Башкортостан Респ, Стерлитамак г, УЛИЦА КАРЛА МАРКСА, 118";"БАШКОРТОСТАН РЕСП КАРЛА МАРКСА УЛИЦА, Д. 118, СТЕРЛИТАМАК, РОССИЯ";-200;-200;NA;NA
"01013000046";"АДМИНИСТРАЦИЯ СЕЛЬСКОГО ПОСЕЛЕНИЯ ЮМАГУЗИНСКИЙ СЕЛЬСОВЕТ МУНИЦИПАЛЬНОГО РАЙОНА КУГАРЧИНСКИЙ РАЙОН РЕСПУБЛИКИ БАШКОРТОСТАН";"Российская Федерация, 453336, Башкортостан Респ, Кугарчинский р-н, Юмагузино с, УЛ ШКОЛЬНАЯ, 64/А";"БАШКОРТОСТАН РЕСП, ШКОЛЬНАЯ УЛИЦА, Д. 64/А, ЮМАГУЗИНО, РОССИЯ";-200;-200;NA;NA
"01013000063";"АДМИНИСТРАЦИЯ ГОРОДСКОГО ПОСЕЛЕНИЯ ПРИЮТОВСКИЙ ПОССОВЕТ МУНИЦИПАЛЬНОГО РАЙОНА БЕЛЕБЕЕВСКИЙ РАЙОН РЕСПУБЛИКИ БАШКОРТОСТАН";"Российская Федерация, 452017, Башкортостан Респ, Белебеевский р-н, Приютово рп, УЛИЦА СВЕРДЛОВА, ДОМ 6";"БАШКОРТОСТАН РЕСППРОСПЕКТЮТОВО РП, СВЕРДЛОВА УЛИЦА, Д. 6, РОССИЙСКАЯ ФЕДЕРАЦИЯ, 452017, БАШКОРТОСТАН РЕСП, БЕЛЕБЕЕВСКИЙ Р-Н, ПРИЮТОВО РП, УЛИЦА СВЕРДЛОВА, ДОМ 6, РОССИЯ";-200;-200;NA;NA
"01013000072";"СОВЕТ МУНИЦИПАЛЬНОГО РАЙОНА ИГЛИНСКИЙ РАЙОН РЕСПУБЛИКИ БАШКОРТОСТАН";"Российская Федерация, 452410, Башкортостан Респ, Иглинский р-н, Иглино с, УЛ ЛЕНИНА, 58";"БАШКОРТОСТАН РЕСП, ЛЕНИНА УЛИЦА, Д. 58, ИГЛИНО, РОССИЯ";-200;-200;NA;NA
"01013000131";"АДМИНИСТРАЦИЯ МУНИЦИПАЛЬНОГО РАЙОНА КРАСНОКАМСКИЙ РАЙОН РЕСПУБЛИКИ БАШКОРТОСТАН";"Российская Федерация, 452930, Башкортостан Респ, Краснокамский р-н, Николо-Березовка с, УЛИЦА КАРЛА МАРКСА, 3";"БАШКОРТОСТАН РЕСП, КАРЛА МАРКСА УЛИЦА, Д. 3, НИКОЛО-БЕРЕЗОВКА, РОССИЯ";-200;-200;NA;NA
"01013000158";"АДМИНИСТРАЦИЯ МУНИЦИПАЛЬНОГО РАЙОНА БАКАЛИНСКИЙ РАЙОН РЕСПУБЛИКИ БАШКОРТОСТАН";"452650, Башкортостан Республика, Бакалы Село, Ленина Улица, дом 91";"БАШКОРТОСТАН РЕСПУБЛИКА, БАКАЛЫ СЕЛО, ЛЕНИНА УЛИЦА, Д. 91, 452650, БАШКОРТОСТАН РЕСПУБЛИКА, БАКАЛЫ СЕЛО, ЛЕНИНА УЛИЦА, ДОМ 91, РОССИЯ";-200;-200;NA;NA
"01013000160";"АДМИНИСТРАЦИЯ МУНИЦИПАЛЬНОГО РАЙОНА ДУВАНСКИЙ РАЙОН РЕСПУБЛИКИ БАШКОРТОСТАН";"Российская Федерация, 452530, Башкортостан Респ, Дуванский р-н, Месягутово с, УЛ И.УСОВА, 6";"БАШКОРТОСТАН РЕСП, И.УСОВА УЛИЦА, Д. 6, МЕСЯГУТОВО, РОССИЯ";-200;-200;NA;NA
"01013000208";"АДМИНИСТРАЦИЯ СЕЛЬСКОГО ПОСЕЛЕНИЯ ВЕРХНЕКИГИНСКИЙ СЕЛЬСОВЕТ МУНИЦИПАЛЬНОГО РАЙОНА КИГИНСКИЙ РАЙОН РЕСПУБЛИКИ БАШКОРТОСТАН";"Российская Федерация, 452500, Башкортостан Респ, Кигинский р-н, Верхние Киги с, УЛ СОВЕТСКАЯ, ДОМ 16";"БАШКОРТОСТАН РЕСП, СОВЕТСКАЯ УЛИЦА, Д. 16, ВЕРХНИЕ КИГИ, РОССИЯ";-200;-200;NA;NA
"01013000213";"АДМИНИСТРАЦИЯ СЕЛЬСКОГО ПОСЕЛЕНИЯ КРАСНОГОРСКИЙ СЕЛЬСОВЕТ МУНИЦИПАЛЬНОГО РАЙОНА НУРИМАНОВСКИЙ РАЙОН РЕСПУБЛИКИ БАШКОРТОСТАН";"Российская Федерация, 452440, Башкортостан Респ, Нуримановский р-н, Красная Горка с, УЛ ТУКАЕВА, 1";"БАШКОРТОСТАН РЕСП, ТУКАЕВА УЛИЦА, Д. 1, КРАСНАЯ ГОРКА, РОССИЯ";-200;-200;NA;NA
"01013000293";"АДМИНИСТРАЦИЯ ГОРОДСКОГО ОКРУГА ГОРОД СИБАЙ РЕСПУБЛИКИ БАШКОРТОСТАН";"Российская Федерация, 453839, Башкортостан Респ, Сибай г, УЛ ЛЕНИНА, ДОМ 9/КОРПУС 1";"БАШКОРТОСТАН РЕСП ЛЕНИНА УЛИЦА, Д. 9/КОРПУС 1, СИБАЙ, РОССИЯ";-200;-200;NA;NA
"01013000294";"АДМИНИСТРАЦИЯ СЕЛЬСКОГО ПОСЕЛЕНИЯ НИКОЛО-БЕРЕЗОВСКИЙ СЕЛЬСОВЕТ МУНИЦИПАЛЬНОГО РАЙОНА КРАСНОКАМСКИЙ РАЙОН РЕСПУБЛИКИ БАШКОРТОСТАН";"Российская Федерация, 452930, Башкортостан Респ, Краснокамский р-н, Николо-Березовка с, УЛИЦА ДОРОЖНАЯ, 28";"БАШКОРТОСТАН РЕСП, ДОРОЖНАЯ УЛИЦА, Д. 28, НИКОЛО-БЕРЕЗОВКА, РОССИЯ";-200;-200;NA;NA
"01013000311";"ГОСУДАРСТВЕННОЕ БЮДЖЕТНОЕ УЧРЕЖДЕНИЕ ЗДРАВООХРАНЕНИЯ РЕСПУБЛИКИ БАШКОРТОСТАН НУРИМАНОВСКАЯ ЦЕНТРАЛЬНАЯ РАЙОННАЯ БОЛЬНИЦА";"Российская Федерация, 452440, Башкортостан Респ, Нуримановский р-н, Красная Горка с, УЛИЦА КИРОВА, 14";"БАШКОРТОСТАН РЕСП, КИРОВА УЛИЦА, Д. 14, КРАСНАЯ ГОРКА, РОССИЯ";-200;-200;NA;NA
"01013000313";"АДМИНИСТРАЦИЯ ГОРОДСКОГО ОКРУГА ГОРОД СТЕРЛИТАМАК РЕСПУБЛИКИ БАШКОРТОСТАН";"Российская Федерация, 453100, Башкортостан Респ, Стерлитамак г, ПР-КТ ОКТЯБРЯ, 32";"БАШКОРТОСТАН РЕСППРОСПЕКТСПЕКТ ОКТЯБРЯ, Д. 32, СТЕРЛИТАМАК, РОССИЯ";-200;-200;NA;NA
"01013000333";"АДМИНИСТРАЦИЯ МУНИЦИПАЛЬНОГО РАЙОНА ЕРМЕКЕЕВСКИЙ РАЙОН РЕСПУБЛИКИ БАШКОРТОСТАН";"Российская Федерация, 452190, Башкортостан Респ, Ермекеевский р-н, Ермекеево с, УЛ ЛЕНИНА, 15";"БАШКОРТОСТАН РЕСП, ЛЕНИНА УЛИЦА, Д. 15, ЕРМЕКЕЕВО, РОССИЯ";-200;-200;NA;NA
"01013000373";"АДМИНИСТРАЦИЯ МУНИЦИПАЛЬНОГО РАЙОНА ЗИАНЧУРИНСКИЙ РАЙОН РЕСПУБЛИКИ БАШКОРТОСТАН";"Российская Федерация, 453380, Башкортостан Респ, Зианчуринский р-н, Исянгулово с, УЛ СОВЕТСКАЯ, 3";"БАШКОРТОСТАН РЕСП, СОВЕТСКАЯ УЛИЦА, Д. 3, ИСЯНГУЛОВО, РОССИЯ";-200;-200;NA;NA
"01013000381";"АДМИНИСТРАЦИЯ СЕЛЬСКОГО ПОСЕЛЕНИЯ МЕСЯГУТОВСКИЙ СЕЛЬСОВЕТ МУНИЦИПАЛЬНОГО РАЙОНА ДУВАНСКИЙ РАЙОН РЕСПУБЛИКИ БАШКОРТОСТАН";"Российская Федерация, 452530, Башкортостан Респ, Дуванский р-н, Месягутово с, УЛИЦА И.УСОВА, 3";"БАШКОРТОСТАН РЕСП, И.УСОВА УЛИЦА, Д. 3, МЕСЯГУТОВО, РОССИЯ";-200;-200;NA;NA
"01013000399";"АДМИНИСТРАЦИЯ МУНИЦИПАЛЬНОГО РАЙОНА МЕЧЕТЛИНСКИЙ РАЙОН РЕСПУБЛИКИ БАШКОРТОСТАН";"Российская Федерация, 452550, Башкортостан Респ, Мечетлинский р-н, Большеустьикинское с, УЛ ЛЕНИНА, 20";"БАШКОРТОСТАН РЕСП, ЛЕНИНА УЛИЦА, Д. 20, БОЛЬШЕУСТЬИКИНСКОЕ, РОССИЯ";-200;-200;NA;NA
"01013000406";"АДМИНИСТРАЦИЯ МУНИЦИПАЛЬНОГО РАЙОНА МЕЛЕУЗОВСКИЙ РАЙОН РЕСПУБЛИКИ БАШКОРТОСТАН";"Российская Федерация, 453850, Башкортостан Респ, Мелеузовский р-н, Мелеуз г, УЛИЦА ВОРОВСКОГО, 11";"БАШКОРТОСТАН РЕСП, ВОРОВСКОГО УЛИЦА, Д. 11, МЕЛЕУЗ, РОССИЯ";-200;-200;NA;NA
"01013000408";"АДМИНИСТРАЦИЯ МУНИЦИПАЛЬНОГО РАЙОНА ЧЕКМАГУШЕВСКИЙ РАЙОН РЕСПУБЛИКИ БАШКОРТОСТАН";"Российская Федерация, 452200, Башкортостан Респ, Чекмагушевский р-н, Чекмагуш с, УЛИЦА ЛЕНИНА, 55";"БАШКОРТОСТАН РЕСП, ЛЕНИНА УЛИЦА, Д. 55, ЧЕКМАГУШ, РОССИЯ";-200;-200;NA;NA
"01013000418";"АДМИНИСТРАЦИЯ МУНИЦИПАЛЬНОГО РАЙОНА БЕЛОКАТАЙСКИЙ РАЙОН РЕСПУБЛИКИ БАШКОРТОСТАН";"Российская Федерация, 452580, Башкортостан Респ, Белокатайский р-н, Новобелокатай с, УЛ СОВЕТСКАЯ, 116";"БАШКОРТОСТАН РЕСП, СОВЕТСКАЯ УЛИЦА, Д. 116, НОВОБЕЛОКАТАЙ, РОССИЯ";-200;-200;NA;NA
"01013000456";"АДМИНИСТРАЦИЯ МУНИЦИПАЛЬНОГО РАЙОНА БЕЛОРЕЦКИЙ РАЙОН РЕСПУБЛИКИ БАШКОРТОСТАН";"Российская Федерация, 453511, Башкортостан Респ, Белорецкий р-н, Белорецк г, УЛ ЛЕНИНА, 71";"БАШКОРТОСТАН РЕСП, ЛЕНИНА УЛИЦА, Д. 71, БЕЛОРЕЦК, РОССИЯ";-200;-200;NA;NA
"01013000503";"АДМИНИСТРАЦИЯ МУНИЦИПАЛЬНОГО РАЙОНА БУРАЕВСКИЙ РАЙОН РЕСПУБЛИКИ БАШКОРТОСТАН";"Российская Федерация, 452960, Башкортостан Респ, Бураевский р-н, Бураево с, УЛИЦА ЛЕНИНА, 66";"БАШКОРТОСТАН РЕСП, ЛЕНИНА УЛИЦА, Д. 66, БУРАЕВО, РОССИЯ";-200;-200;NA;NA
"01013000509";"АДМИНИСТРАЦИЯ МУНИЦИПАЛЬНОГО РАЙОНА МИШКИНСКИЙ РАЙОН РЕСПУБЛИКИ БАШКОРТОСТАН";"Российская Федерация, 452340, Башкортостан Респ, Мишкинский р-н, Мишкино с, УЛ ЛЕНИНА, 89";"БАШКОРТОСТАН РЕСП, ЛЕНИНА УЛИЦА, Д. 89, МИШКИНО, РОССИЯ";-200;-200;NA;NA
"01013000699";"АДМИНИСТРАЦИЯ СЕЛЬСКОГО ПОСЕЛЕНИЯ АВДОНСКИЙ СЕЛЬСОВЕТ МУНИЦИПАЛЬНОГО РАЙОНА УФИМСКИЙ РАЙОН РЕСПУБЛИКИ БАШКОРТОСТАН";"Российская Федерация, 450580, Башкортостан Респ, Уфимский р-н, Авдон с, УЛ ЛЕСОПАРКОВАЯ, 7";"БАШКОРТОСТАН РЕСП, ЛЕСОПАРКОВАЯ УЛИЦА, Д. 7, АВДОН, РОССИЯ";-200;-200;NA;NA
"01013000705";"АДМИНИСТРАЦИЯ МУНИЦИПАЛЬНОГО РАЙОНА САЛАВАТСКИЙ РАЙОН РЕСПУБЛИКИ БАШКОРТОСТАН";"Российская Федерация, 452490, Башкортостан Респ, Салаватский р-н, Малояз с, УЛ СОВЕТСКАЯ, 64";"БАШКОРТОСТАН РЕСП, СОВЕТСКАЯ УЛИЦА, Д. 64, МАЛОЯЗ, РОССИЯ";-200;-200;NA;NA
"01013000883";"АДМИНИСТРАЦИЯ СЕЛЬСКОГО ПОСЕЛЕНИЯ ЧЕКМАГУШЕВСКИЙ СЕЛЬСОВЕТ МУНИЦИПАЛЬНОГО РАЙОНА ЧЕКМАГУШЕВСКИЙ РАЙОН РЕСПУБЛИКИ БАШКОРТОСТАН";"Российская Федерация, 452200, Башкортостан Респ, Чекмагушевский р-н, Чекмагуш с, УЛИЦА МИРА, 25";"БАШКОРТОСТАН РЕСП, МИРА УЛИЦА, Д. 25, ЧЕКМАГУШ, РОССИЯ";-200;-200;NA;NA
"01013000891";"АДМИНИСТРАЦИЯ МУНИЦИПАЛЬНОГО РАЙОНА АБЗЕЛИЛОВСКИЙ РАЙОН РЕСПУБЛИКИ БАШКОРТОСТАН";"Российская Федерация, 453620, Башкортостан Респ, Абзелиловский р-н, Аскарово с, УЛИЦА ЛЕНИНА, ДОМ 41";"БАШКОРТОСТАН РЕСП, ЛЕНИНА УЛИЦА, Д. 41, АСКАРОВО, РОССИЯ";-200;-200;NA;NA
"01015000003";"ГОСУДАРСТВЕННЫЙ КОМИТЕТ РЕСПУБЛИКИ БАШКОРТОСТАН ПО МОНИТОРИНГУ СОЦИАЛЬНО-ЭКОНОМИЧЕСКОГО РАЗВИТИЯ";"Российская Федерация, 450008, Башкортостан Респ, Уфа г, УЛИЦА ЦЮРУПЫ, ДОМ 13";"БАШКОРТОСТАН РЕСП ЦЮРУПЫ УЛИЦА, Д. 13, УФА, РОССИЯ";-200;-200;NA;NA
"02011000015";"ГОСУДАРСТВЕННОЕ УЧРЕЖДЕНИЕ - УПРАВЛЕНИЕ ПЕНСИОННОГО ФОНДА РОССИЙСКОЙ ФЕДЕРАЦИИ В Г. СТЕРЛИТАМАК РЕСПУБЛИКИ БАШКОРТОСТАН";"Российская Федерация, 453130, Башкортостан Респ, Стерлитамак г, УЛ ГОГОЛЯ, 124/1";"БАШКОРТОСТАН РЕСП ГОГОЛЯ УЛИЦА, Д. 124/1, СТЕРЛИТАМАК, РОССИЯ";-200;-200;NA;NA
"02011000026";"ГОСУДАРСТВЕННОЕ УЧРЕЖДЕНИЕ-РЕГИОНАЛЬНОЕ ОТДЕЛЕНИЕ ФОНДА СОЦИАЛЬНОГО СТРАХОВАНИЯ РОССИЙСКОЙ ФЕДЕРАЦИИ ПО РЕСПУБЛИКЕ БАШКОРТОСТАН";"Российская Федерация, 450103, Башкортостан Респ, Уфа г, УЛ СОЧИНСКАЯ, ДОМ 15";"БАШКОРТОСТАН РЕСП СОЧИНСКАЯ УЛИЦА, Д. 15, УФА, РОССИЯ";-200;-200;NA;NA
"02011000030";"ГОСУДАРСТВЕННОЕ УЧРЕЖДЕНИЕ - УПРАВЛЕНИЕ ПЕНСИОННОГО ФОНДА РОССИЙСКОЙ ФЕДЕРАЦИИ В ТУЙМАЗИНСКОМ РАЙОНЕ И ГОРОДЕ ТУЙМАЗЫ РЕСПУБЛИКИ БАШКОРТОСТАН";"Российская Федерация, 452754, Башкортостан Респ, Туймазинский р-н, Туймазы г, УЛ ЧАПАЕВА, ДОМ 2/КОРПУС 1";"БАШКОРТОСТАН РЕСП, ЧАПАЕВА УЛИЦА, Д. 2/КОРПУС 1, ТУЙМАЗЫ, РОССИЯ";-200;-200;NA;NA
"02011000031";"ГОСУДАРСТВЕННОЕ УЧРЕЖДЕНИЕ - УПРАВЛЕНИЕ ПЕНСИОННОГО ФОНДА РОССИЙСКОЙ ФЕДЕРАЦИИ В АЛЬШЕЕВСКОМ РАЙОНЕ РЕСПУБЛИКИ БАШКОРТОСТАН";"Российская Федерация, 452120, Башкортостан Респ, Альшеевский р-н, Раевский с, УЛ ЛЕНИНА, ДОМ 134";"БАШКОРТОСТАН РЕСП, ЛЕНИНА УЛИЦА, Д. 134, РАЕВСКИЙ, РОССИЯ";-200;-200;NA;NA
"02011000038";"ГОСУДАРСТВЕННОЕ УЧРЕЖДЕНИЕ - ОТДЕЛЕНИЕ ПЕНСИОННОГО ФОНДА РОССИЙСКОЙ ФЕДЕРАЦИИ ПО РЕСПУБЛИКЕ БАШКОРТОСТАН";"Российская Федерация, 450008, Башкортостан Респ, Уфа г, УЛ ЗАКИ ВАЛИДИ, ДОМ 55";"БАШКОРТОСТАН РЕСП ЗАКИ ВАЛИДИ УЛИЦА, Д. 55, УФА, РОССИЯ";-200;-200;NA;NA
"02011000043";"ГОСУДАРСТВЕННОЕ УЧРЕЖДЕНИЕ - УПРАВЛЕНИЕ ПЕНСИОННОГО ФОНДА РОССИЙСКОЙ ФЕДЕРАЦИИ В Г. НЕФТЕКАМСК РЕСПУБЛИКИ БАШКОРТОСТАН";"Российская Федерация, 452683, Башкортостан Респ, Нефтекамск г, ПР-КТ ЮБИЛЕЙНЫЙ, ДОМ 10""А""/А";"БАШКОРТОСТАН РЕСППРОСПЕКТСПЕКТ ЮБИЛЕЙНЫЙ, Д. 10А/А, НЕФТЕКАМСК, РОССИЯ";-200;-200;NA;NA
"02011000046";"ГОСУДАРСТВЕННОЕ УЧРЕЖДЕНИЕ - УПРАВЛЕНИЕ ПЕНСИОННОГО ФОНДА РОССИЙСКОЙ ФЕДЕРАЦИИ В ЯНАУЛЬСКОМ РАЙОНЕ И ГОРОДЕ ЯНАУЛ РЕСПУБЛИКИ БАШКОРТОСТАН";"Российская Федерация, 452800, Башкортостан Респ, Янаульский р-н, Янаул г, УЛ ОКТЯБРЬСКАЯ, 29";"БАШКОРТОСТАН РЕСП, ОКТЯБРЬСКАЯ УЛИЦА, Д. 29, ЯНАУЛ, РОССИЯ";-200;-200;NA;NA
"02011000070";"ГОСУДАРСТВЕННОЕ УЧРЕЖДЕНИЕ - УПРАВЛЕНИЕ ПЕНСИОННОГО ФОНДА РОССИЙСКОЙ ФЕДЕРАЦИИ В КАЛИНИНСКОМ РАЙОНЕ Г. УФЫ РЕСПУБЛИКИ БАШКОРТОСТАН";"Российская Федерация, 450038, Башкортостан Респ, Уфа г, УЛ МАШИНОСТРОИТЕЛЕЙ, 21/А";"БАШКОРТОСТАН РЕСП МАШИНОСТРОИТЕЛЕЙ УЛИЦА, Д. 21/А, УФА, РОССИЯ";-200;-200;NA;NA
"02011000077";"ГОСУДАРСТВЕННОЕ УЧРЕЖДЕНИЕ - УПРАВЛЕНИЕ ПЕНСИОННОГО ФОНДА РОССИЙСКОЙ ФЕДЕРАЦИИ В КИРОВСКОМ РАЙОНЕ Г. УФЫ РЕСПУБЛИКИ БАШКОРТОСТАН";"Российская Федерация, 450077, Башкортостан Респ, Уфа г, УЛ СОВЕТСКАЯ, 13/15";"БАШКОРТОСТАН РЕСП СОВЕТСКАЯ УЛИЦА, Д. 13/15, УФА, РОССИЯ";-200;-200;NA;NA
"02011000078";"ГОСУДАРСТВЕННОЕ УЧРЕЖДЕНИЕ - УПРАВЛЕНИЕ ПЕНСИОННОГО ФОНДА РОССИЙСКОЙ ФЕДЕРАЦИИ В ОКТЯБРЬСКОМ РАЙОНЕ Г. УФЫ РЕСПУБЛИКИ БАШКОРТОСТАН";"Российская Федерация, 450059, Башкортостан Респ, Уфа г, УЛ РИХАРДА ЗОРГЕ, 33";"БАШКОРТОСТАН РЕСП РИХАРДА ЗОРГЕ УЛИЦА, Д. 33, УФА, РОССИЯ";-200;-200;NA;NA
"02011000079";"ГОСУДАРСТВЕННОЕ УЧРЕЖДЕНИЕ - УПРАВЛЕНИЕ ПЕНСИОННОГО ФОНДА РОССИЙСКОЙ ФЕДЕРАЦИИ В ОРДЖОНИКИДЗЕВСКОМ РАЙОНЕ Г. УФЫ РЕСПУБЛИКИ БАШКОРТОСТАН";"Российская Федерация, 450064, Башкортостан Респ, Уфа г, УЛ МИРА, ДОМ 13";"БАШКОРТОСТАН РЕСП МИРА УЛИЦА, Д. 13, УФА, РОССИЯ";-200;-200;NA;NA
"02012000001";"ГОСУДАРСТВЕННОЕ УЧРЕЖДЕНИЕ ТЕРРИТОРИАЛЬНЫЙ ФОНД ОБЯЗАТЕЛЬНОГО МЕДИЦИНСКОГО СТРАХОВАНИЯ РЕСПУБЛИКИ БАШКОРТОСТАН";"Российская Федерация, 450077, Башкортостан Респ, Уфа г, УЛИЦА ЛЕНИНА, ДОМ 37";"БАШКОРТОСТАН РЕСП ЛЕНИНА УЛИЦА, Д. 37, УФА, РОССИЯ";-200;-200;NA;NA
"03010000002";"ГОСУДАРСТВЕННОЕ БЮДЖЕТНОЕ УЧРЕЖДЕНИЕ ЗДРАВООХРАНЕНИЯ РЕСПУБЛИКАНСКАЯ КЛИНИЧЕСКАЯ БОЛЬНИЦА ИМЕНИ Г.Г.КУВАТОВА";"450005, Башкортостан Респ, Уфа г, Достоевского ул, 132";", БАШКОРТОСТАН РЕСП ДОСТОЕВСКОГО УЛИЦА, Д. 132, УФА, РОССИЯ";-200;-200;NA;NA
"03011000033";"ФЕДЕРАЛЬНОЕ КАЗЕННОЕ УЧРЕЖДЕНИЕ ""СЛЕДСТВЕННЫЙ ИЗОЛЯТОР № 3 УПРАВЛЕНИЯ ФЕДЕРАЛЬНОЙ СЛУЖБЫ ИСПОЛНЕНИЯ НАКАЗАНИЙ ПО РЕСПУБЛИКЕ БАШКОРТОСТАН""";"Российская Федерация, 453124, Башкортостан Респ, Стерлитамак г, УЛИЦА КОМСОМОЛЬСКАЯ, ДОМ 7";"БАШКОРТОСТАН РЕСП КОМСОМОЛЬСКАЯ УЛИЦА, Д. 7, СТЕРЛИТАМАК, РОССИЯ";-200;-200;NA;NA
"03011000048";"ТЕРРИТОРИАЛЬНОЕ УПРАВЛЕНИЕ ФЕДЕРАЛЬНОГО АГЕНТСТВА ПО УПРАВЛЕНИЮ ГОСУДАРСТВЕННЫМ ИМУЩЕСТВОМ В РЕСПУБЛИКЕ БАШКОРТОСТАН";"Российская Федерация, 450076, Башкортостан Респ, Уфа г, ул Аксакова, 62";"БАШКОРТОСТАН РЕСП АКСАКОВА УЛИЦА, Д. 62, УФА, РОССИЯ";-200;-200;NA;NA
"03011000070";"ФЕДЕРАЛЬНОЕ ГОСУДАРСТВЕННОЕ БЮДЖЕТНОЕ НАУЧНОЕ УЧРЕЖДЕНИЕ УФИМСКИЙ ФЕДЕРАЛЬНЫЙ ИССЛЕДОВАТЕЛЬСКИЙ ЦЕНТР РОССИЙСКОЙ АКАДЕМИИ НАУК";"Российская Федерация, 450054, Башкортостан Респ, Уфа г, ПР-КТ ОКТЯБРЯ, 71";"БАШКОРТОСТАН РЕСППРОСПЕКТСПЕКТ ОКТЯБРЯ, Д. 71, УФА, РОССИЯ";-200;-200;NA;NA
"03011000106";"ФЕДЕРАЛЬНОЕ БЮДЖЕТНОЕ УЧРЕЖДЕНИЕ НАУКИ ""УФИМСКИЙ НАУЧНО-ИССЛЕДОВАТЕЛЬСКИЙ ИНСТИТУТ МЕДИЦИНЫ ТРУДА И ЭКОЛОГИИ ЧЕЛОВЕКА""";"Российская Федерация, 450106, Башкортостан Респ, Уфа г, УЛИЦА СТЕПАНА КУВЫКИНА, 94";"БАШКОРТОСТАН РЕСП СТЕПАНА КУВЫКИНА УЛИЦА, Д. 94, УФА, РОССИЯ";-200;-200;NA;NA
"03011000135";"ГОСУДАРСТВЕННОЕ БЮДЖЕТНОЕ ПРОФЕССИОНАЛЬНОЕ ОБРАЗОВАТЕЛЬНОЕ УЧРЕЖДЕНИЕ ОКТЯБРЬСКИЙ НЕФТЯНОЙ КОЛЛЕДЖ ИМ. С.И. КУВЫКИНА";"452602, Башкортостан Республика, Октябрьский Город, Кувыкина Улица, дом 15";"БАШКОРТОСТАН РЕСПУБЛИКА КУВЫКИНА УЛИЦА, Д. 15, ОКТЯБРЬСКИЙ, РОССИЯ";-200;-200;NA;NA
"03011000221";"ФЕДЕРАЛЬНОЕ ГОСУДАРСТВЕННОЕ КАЗЕННОЕ ОБРАЗОВАТЕЛЬНОЕ УЧРЕЖДЕНИЕ ВЫСШЕГО ОБРАЗОВАНИЯ ""УФИМСКИЙ ЮРИДИЧЕСКИЙ ИНСТИТУТ МИНИСТЕРСТВА ВНУТРЕННИХ ДЕЛ РОССИЙСКОЙ ФЕДЕРАЦИИ""";"Российская Федерация, 450103, Башкортостан Респ, Уфа г, УЛИЦА МУКСИНОВА, ДОМ 2";"БАШКОРТОСТАН РЕСП МУКСИНОВА УЛИЦА, Д. 2, УФА, РОССИЯ";-200;-200;NA;NA
"03011000278";"УПРАВЛЕНИЕ ФЕДЕРАЛЬНОЙ СЛУЖБЫ ГОСУДАРСТВЕННОЙ РЕГИСТРАЦИИ, КАДАСТРА И КАРТОГРАФИИ ПО РЕСПУБЛИКЕ БАШКОРТОСТАН";"Российская Федерация, 450077, Башкортостан Респ, г.Уфа, ул. Ленина, д. 70";"БАШКОРТОСТАН РЕСП, ЛЕНИНА УЛИЦА, Д. 70, УФА, РОССИЯ";-200;-200;NA;NA
"03011000488";"ФЕДЕРАЛЬНОЕ ГОСУДАРСТВЕННОЕ БЮДЖЕТНОЕ УЧРЕЖДЕНИЕ ""БАШКИРСКОЕ УПРАВЛЕНИЕ ПО ГИДРОМЕТЕОРОЛОГИИ И МОНИТОРИНГУ ОКРУЖАЮЩЕЙ СРЕДЫ""";"Российская Федерация, 450059, Башкортостан Респ, Уфа г, УЛИЦА РИХАРДА ЗОРГЕ, ДОМ 25/2";"БАШКОРТОСТАН РЕСП РИХАРДА ЗОРГЕ УЛИЦА, Д. 25/2, УФА, РОССИЯ";-200;-200;NA;NA
"03011000496";"ФЕДЕРАЛЬНОЕ ГОСУДАРСТВЕННОЕ БЮДЖЕТНОЕ ОБРАЗОВАТЕЛЬНОЕ УЧРЕЖДЕНИЕ ВЫСШЕГО ОБРАЗОВАНИЯ ""БАШКИРСКИЙ ГОСУДАРСТВЕННЫЙ МЕДИЦИНСКИЙ УНИВЕРСИТЕТ"" МИНИСТЕРСТВА ЗДРАВООХРАНЕНИЯ РОССИЙСКОЙ ФЕДЕРАЦИИ";"Российская Федерация, 450008, Башкортостан Респ, Уфа г, УЛ ЛЕНИНА, 3";"БАШКОРТОСТАН РЕСП ЛЕНИНА УЛИЦА, Д. 3, УФА, РОССИЯ";-200;-200;NA;NA
"03011000512";"УПРАВЛЕНИЕ ФЕДЕРАЛЬНОЙ СЛУЖБЫ СУДЕБНЫХ ПРИСТАВОВ ПО РЕСПУБЛИКЕ БАШКОРТОСТАН";"Российская Федерация, 450077, Башкортостан Респ, Башкортостан Респ, Уфа г, Уфа г, УЛ ЦЮРУПЫ, 95";"БАШКОРТОСТАН РЕСП, БАШКОРТОСТАН РЕСП УФА Г, ЦЮРУПЫ УЛИЦА, Д. 95, УФА, РОССИЯ";-200;-200;NA;NA
"03011000515";"ФЕДЕРАЛЬНОЕ КАЗЕННОЕ УЧРЕЖДЕНИЕ ""СЛЕДСТВЕННЫЙ ИЗОЛЯТОР № 1 УПРАВЛЕНИЯ ФЕДЕРАЛЬНОЙ СЛУЖБЫ ИСПОЛНЕНИЯ НАКАЗАНИЙ ПО РЕСПУБЛИКЕ БАШКОРТОСТАН""";"Российская Федерация, 450015, Башкортостан Респ, Уфа г, УЛ ДОСТОЕВСКОГО, 39";"БАШКОРТОСТАН РЕСП ДОСТОЕВСКОГО УЛИЦА, Д. 39, УФА, РОССИЯ";-200;-200;NA;NA
"03012000092";"ГОСУДАРСТВЕННОЕ БЮДЖЕТНОЕ УЧРЕЖДЕНИЕ ЗДРАВООХРАНЕНИЯ РЕСПУБЛИКИ БАШКОРТОСТАН БЕЛЕБЕЕВСКАЯ ЦЕНТРАЛЬНАЯ РАЙОННАЯ БОЛЬНИЦА";"Российская Федерация, 452000, Башкортостан Респ, Белебеевский р-н, Белебей г, УЛ РЕВОЛЮЦИОНЕРОВ, 7";"БАШКОРТОСТАН РЕСП, РЕВОЛЮЦИОНЕРОВ УЛИЦА, Д. 7, БЕЛЕБЕЙ, РОССИЯ";-200;-200;NA;NA
"03012000118";"ГОСУДАРСТВЕННОЕ КАЗЕННОЕ УЧРЕЖДЕНИЕ ЮГО-ЗАПАДНЫЙ МЕЖРАЙОННЫЙ ЦЕНТР ЗАНЯТОСТИ НАСЕЛЕНИЯ";"Российская Федерация, 452000, Башкортостан Респ, Белебеевский р-н, Белебей г, УЛИЦА ИНТЕРНАЦИОНАЛЬНАЯ, ДОМ 67";"БАШКОРТОСТАН РЕСП, ИНТЕРНАЦИОНАЛЬНАЯ УЛИЦА, Д. 67, БЕЛЕБЕЙ, РОССИЯ";-200;-200;NA;NA
"03012000149";"ГОСУДАРСТВЕННОЕ КАЗЕННОЕ УЧРЕЖДЕНИЕ ВОСТОЧНЫЙ МЕЖРАЙОННЫЙ ЦЕНТР ЗАНЯТОСТИ НАСЕЛЕНИЯ";"Российская Федерация, 453511, Башкортостан Респ, Белорецкий р-н, Белорецк г, УЛИЦА КРАСНЫХ ПАРТИЗАН, 16";"БАШКОРТОСТАН РЕСП, КРАСНЫХ ПАИЗАН УЛИЦА, Д. 16, БЕЛОРЕЦК, РОССИЯ";-200;-200;NA;NA
"03012000157";"ГОСУДАРСТВЕННОЕ БЮДЖЕТНОЕ УЧРЕЖДЕНИЕ РЕСПУБЛИКИ БАШКОРТОСТАН ВОСТОЧНЫЙ МЕЖРАЙОННЫЙ ЦЕНТР ""СЕМЬЯ""";"Российская Федерация, 453505, Башкортостан Респ, Белорецкий р-н, Белорецк г, УЛ КАРЛА МАРКСА, 46";"БАШКОРТОСТАН РЕСП, КАРЛА МАРКСА УЛИЦА, Д. 46, БЕЛОРЕЦК, РОССИЯ";-200;-200;NA;NA
"03012000164";"ГОСУДАРСТВЕННОЕ КАЗЕННОЕ УЧРЕЖДЕНИЕ СЕВЕРО-ЗАПАДНЫЙ МЕЖРАЙОННЫЙ ЦЕНТР ЗАНЯТОСТИ НАСЕЛЕНИЯ";"Российская Федерация, 452683, Башкортостан Респ, Нефтекамск г, УЛИЦА ЛЕНИНА, 42/А";"БАШКОРТОСТАН РЕСП ЛЕНИНА УЛИЦА, Д. 42/А, НЕФТЕКАМСК, РОССИЯ";-200;-200;NA;NA
"03012000185";"ГОСУДАРСТВЕННОЕ КАЗЕННОЕ УЧРЕЖДЕНИЕ СЕВЕРНЫЙ МЕЖРАЙОННЫЙ ЦЕНТР ЗАНЯТОСТИ НАСЕЛЕНИЯ";"Российская Федерация, 452450, Башкортостан Респ, Бирский р-н, Бирск г, УЛ ЛЕНИНА, 56/А";"БАШКОРТОСТАН РЕСП, ЛЕНИНА УЛИЦА, Д. 56/А, БИРСК, РОССИЯ";-200;-200;NA;NA
"03012000189";"ГОСУДАРСТВЕННОЕ БЮДЖЕТНОЕ ОБЩЕОБРАЗОВАТЕЛЬНОЕ УЧРЕЖДЕНИЕ СТЕРЛИБАШЕВСКАЯ КОРРЕКЦИОННАЯ ШКОЛА-ИНТЕРНАТ ДЛЯ ОБУЧАЮЩИХСЯ С ОГРАНИЧЕННЫМИ ВОЗМОЖНОСТЯМИ ЗДОРОВЬЯ";"Российская Федерация, 453180, Башкортостан Респ, Стерлибашевский р-н, Стерлибашево с, УЛ ПРОЛЕТАРСКАЯ, 30/А";"БАШКОРТОСТАН РЕСП,ПРОСПЕКТЛЕТАРСКАЯ УЛИЦА, Д. 30/А, СТЕРЛИБАШЕВО, РОССИЯ";-200;-200;NA;NA
"03012000205";"ГОСУДАРСТВЕННОЕ КАЗЕННОЕ УЧРЕЖДЕНИЕ ЮГО-ВОСТОЧНЫЙ МЕЖРАЙОННЫЙ ЦЕНТР ЗАНЯТОСТИ НАСЕЛЕНИЯ";"Российская Федерация, 453124, Башкортостан Респ, Стерлитамак г, УЛИЦА КАРЛА МАРКСА, 101";"БАШКОРТОСТАН РЕСП КАРЛА МАРКСА УЛИЦА, Д. 101, СТЕРЛИТАМАК, РОССИЯ";-200;-200;NA;NA
"03012000296";"ГОСУДАРСТВЕННОЕ БЮДЖЕТНОЕ ПРОФЕССИОНАЛЬНОЕ ОБРАЗОВАТЕЛЬНОЕ УЧРЕЖДЕНИЕ СТЕРЛИТАМАКСКИЙ ПОЛИТЕХНИЧЕСКИЙ КОЛЛЕДЖ";"Российская Федерация, 453104, Башкортостан Респ, Стерлитамак г, УЛИЦА СОЦИАЛИСТИЧЕСКАЯ, 5";"БАШКОРТОСТАН РЕСП СОЦИАЛИСТИЧЕСКАЯ УЛИЦА, Д. 5, СТЕРЛИТАМАК, РОССИЯ";-200;-200;NA;NA
"03012000316";"ГОСУДАРСТВЕННОЕ БЮДЖЕТНОЕ УЧРЕЖДЕНИЕ ЗДРАВООХРАНЕНИЯ РЕСПУБЛИКИ БАШКОРТОСТАН ТОЛБАЗИНСКАЯ ЦЕНТРАЛЬНАЯ РАЙОННАЯ БОЛЬНИЦА";"Российская Федерация, 453480, Башкортостан Респ, Аургазинский р-н, Толбазы с, УЛ М.ГАФУРИ, 1";"БАШКОРТОСТАН РЕСП, М.ГАФУРИ УЛИЦА, Д. 1, ТОЛБАЗЫ, РОССИЯ";-200;-200;NA;NA
"03012000346";"ГОСУДАРСТВЕННОЕ БЮДЖЕТНОЕ УЧРЕЖДЕНИЕ ЗДРАВООХРАНЕНИЯ РЕСПУБЛИКАНСКИЙ ЦЕНТР ПО ПРОФИЛАКТИКЕ И БОРЬБЕ СО СПИДОМ И ИНФЕКЦИОННЫМИ ЗАБОЛЕВАНИЯМИ";"Российская Федерация, 450005, Башкортостан Респ, Уфа г, УЛИЦА КУСТАРНАЯ, ДОМ 18";"БАШКОРТОСТАН РЕСП КУСТАРНАЯ УЛИЦА, Д. 18, УФА, РОССИЯ";-200;-200;NA;NA
"03012000347";"ГОСУДАРСТВЕННОЕ БЮДЖЕТНОЕ УЧРЕЖДЕНИЕ ЗДРАВООХРАНЕНИЯ РЕСПУБЛИКИ БАШКОРТОСТАН ЯНАУЛЬСКАЯ ЦЕНТРАЛЬНАЯ РАЙОННАЯ БОЛЬНИЦА";"Российская Федерация, 452800, Башкортостан Респ, Янаульский р-н, Янаул г, УЛИЦА И.ДАВЛЕТШИНА, 23";"БАШКОРТОСТАН РЕСП, И.ДАВЛЕТШИНА УЛИЦА, Д. 23, ЯНАУЛ, РОССИЯ";-200;-200;NA;NA
"03012000350";"ГОСУДАРСТВЕННОЕ БЮДЖЕТНОЕ ОБЩЕОБРАЗОВАТЕЛЬНОЕ УЧРЕЖДЕНИЕ УФИМСКАЯ КОРРЕКЦИОННАЯ ШКОЛА-ИНТЕРНАТ № 59 ДЛЯ ОБУЧАЮЩИХСЯ С ОГРАНИЧЕННЫМИ ВОЗМОЖНОСТЯМИ ЗДОРОВЬЯ";"Российская Федерация, 450112, Башкортостан Респ, Уфа г, ПЕР ШКАПОВСКИЙ, 3";"БАШКОРТОСТАН РЕСП ПЕР ШКАПОВСКИЙ, Д. 3, УФА, РОССИЯ";-200;-200;NA;NA
"03012000351";"ГОСУДАРСТВЕННОЕ БЮДЖЕТНОЕ УЧРЕЖДЕНИЕ ЗДРАВООХРАНЕНИЯ РЕСПУБЛИКИ БАШКОРТОСТАН СТЕРЛИТАМАКСКАЯ ПСИХИАТРИЧЕСКАЯ БОЛЬНИЦА";"Российская Федерация, 453104, Башкортостан Респ, Стерлитамак г, Лесная, 18,";"БАШКОРТОСТАН РЕСП ЛЕСНАЯ, Д. 18, СТЕРЛИТАМАК, РОССИЯ";-200;-200;NA;NA
"03012000372";"ГОСУДАРСТВЕННОЕ БЮДЖЕТНОЕ ОБЩЕОБРАЗОВАТЕЛЬНОЕ УЧРЕЖДЕНИЕ МИХАЙЛОВСКАЯ КОРРЕКЦИОННАЯ ШКОЛА-ИНТЕРНАТ ДЛЯ ОБУЧАЮЩИХСЯ С ОГРАНИЧЕННЫМИ ВОЗМОЖНОСТЯМИ ЗДОРОВЬЯ";"Российская Федерация, 452026, Башкортостан Респ, Бижбулякский р-н, Михайловка с, УЛ ШКОЛЬНАЯ, 14";"БАШКОРТОСТАН РЕСП, ШКОЛЬНАЯ УЛИЦА, Д. 14, МИХАЙЛОВКА, РОССИЯ";-200;-200;NA;NA
"03012000376";"ГОСУДАРСТВЕННОЕ КАЗЕННОЕ УЧРЕЖДЕНИЕ ЗДРАВООХРАНЕНИЯ РЕСПУБЛИКИ БАШКОРТОСТАН РЕСПУБЛИКАНСКАЯ КЛИНИЧЕСКАЯ БОЛЬНИЦА № 2";"Российская Федерация, 450077, Башкортостан Респ, Уфа г, УЛИЦА ПУШКИНА, 99";"БАШКОРТОСТАН РЕСП ПУШКИНА УЛИЦА, Д. 99, УФА, РОССИЯ";-200;-200;NA;NA
"03012000388";"ГОСУДАРСТВЕННОЕ БЮДЖЕТНОЕ УЧРЕЖДЕНИЕ ЗДРАВООХРАНЕНИЯ СТЕРЛИТАМАКСКИЙ МЕЖРАЙОННЫЙ ПРОТИВОТУБЕРКУЛЕЗНЫЙ ДИСПАНСЕР";"Российская Федерация, 453112, Башкортостан Респ, Стерлитамак г, ПЕРЕУЛОК НАРОДНЫЙ, 10";"БАШКОРТОСТАН РЕСП ПЕРЕУЛОК НАРОДНЫЙ, Д. 10, СТЕРЛИТАМАК, РОССИЯ";-200;-200;NA;NA
"03012000396";"ГОСУДАРСТВЕННОЕ БЮДЖЕТНОЕ ОБЩЕОБРАЗОВАТЕЛЬНОЕ УЧРЕЖДЕНИЕ РЕСПУБЛИКАНСКАЯ ГИМНАЗИЯ-ИНТЕРНАТ ИМЕНИ ГАЗИЗА АЛЬМУХАМЕТОВА";"Российская Федерация, 450059, Башкортостан Респ, Уфа г, УЛИЦА РИХАРДА ЗОРГЕ, 25/1";"БАШКОРТОСТАН РЕСП РИХАРДА ЗОРГЕ УЛИЦА, Д. 25/1, УФА, РОССИЯ";-200;-200;NA;NA
"03012000423";"ГОСУДАРСТВЕННОЕ БЮДЖЕТНОЕ УЧРЕЖДЕНИЕ ЗДРАВООХРАНЕНИЯ ""РЕСПУБЛИКАНСКАЯ ДЕТСКАЯ КЛИНИЧЕСКАЯ БОЛЬНИЦА""";"Российская Федерация, 450106, Башкортостан Респ, Уфа г, УЛ СТЕПАНА КУВЫКИНА, 98";"БАШКОРТОСТАН РЕСП СТЕПАНА КУВЫКИНА УЛИЦА, Д. 98, УФА, РОССИЯ";-200;-200;NA;NA
"03012000448";"ГОСУДАРСТВЕННОЕ БЮДЖЕТНОЕ УЧРЕЖДЕНИЕ ЗДРАВООХРАНЕНИЯ БЮРО СУДЕБНО-МЕДИЦИНСКОЙ ЭКСПЕРТИЗЫ МИНИСТЕРСТВА ЗДРАВООХРАНЕНИЯ РЕСПУБЛИКИ БАШКОРТОСТАН";"Российская Федерация, 450112, Башкортостан Респ, Уфа г, УЛИЦА ЦВЕТОЧНАЯ, 2/---, ---";"БАШКОРТОСТАН РЕСП ЦВЕТОЧНАЯ УЛИЦА, 2/---, Д. ---, УФА, РОССИЯ";-200;-200;NA;NA
"03012000454";"ГОСУДАРСТВЕННОЕ БЮДЖЕТНОЕ УЧРЕЖДЕНИЕ ЗДРАВООХРАНЕНИЯ РЕСПУБЛИКИ БАШКОРТОСТАН СИБАЙСКИЙ МЕЖРАЙОННЫЙ ПРОТИВОТУБЕРКУЛЕЗНЫЙ ДИСПАНСЕР";"Российская Федерация, 453838, Башкортостан Респ, Сибай г, УЛИЦА БЕЛОВА, ДОМ 15";"БАШКОРТОСТАН РЕСП БЕЛОВА УЛИЦА, Д. 15, СИБАЙ, РОССИЯ";-200;-200;NA;NA
"03012000466";"ГОСУДАРСТВЕННОЕ БЮДЖЕТНОЕ УЧРЕЖДЕНИЕ ЗДРАВООХРАНЕНИЯ РЕСПУБЛИКИ БАШКОРТОСТАН РЕСПУБЛИКАНСКАЯ КЛИНИЧЕСКАЯ ПСИХИАТРИЧЕСКАЯ БОЛЬНИЦА";"Российская Федерация, 450069, Башкортостан Респ, Уфа г, УЛ ПРУДНАЯ, 15/1";"БАШКОРТОСТАН РЕСППРОСПЕКТДНАЯ УЛИЦА, Д. 15/1, УФА, РОССИЯ";-200;-200;NA;NA
"03012000509";"ГОСУДАРСТВЕННОЕ БЮДЖЕТНОЕ ПРОФЕССИОНАЛЬНОЕ ОБРАЗОВАТЕЛЬНОЕ УЧРЕЖДЕНИЕ АКЪЯРСКИЙ ГОРНЫЙ КОЛЛЕДЖ ИМЕНИ И. ТАСИМОВА";"Российская Федерация, 453800, Башкортостан Респ, Хайбуллинский р-н, Акъяр с, УЛИЦА АКМУЛЛЫ, ДОМ 7/КОРПУС 2";"БАШКОРТОСТАН РЕСП, АКМУЛЛЫ УЛИЦА, Д. 7/КОРПУС 2, АКЪЯР, РОССИЯ";-200;-200;NA;NA
"03012000519";"ГОСУДАРСТВЕННОЕ БЮДЖЕТНОЕ УЧРЕЖДЕНИЕ ЗДРАВООХРАНЕНИЯ РЕСПУБЛИКАНСКИЙ КАРДИОЛОГИЧЕСКИЙ ЦЕНТР";"Российская Федерация, 450106, Башкортостан Респ, Уфа г, УЛИЦА СТЕПАНА КУВЫКИНА, ДОМ 96";"БАШКОРТОСТАН РЕСП СТЕПАНА КУВЫКИНА УЛИЦА, Д. 96, УФА, РОССИЯ";-200;-200;NA;NA
"03012000521";"ГОСУДАРСТВЕННОЕ БЮДЖЕТНОЕ УЧРЕЖДЕНИЕ ЗДРАВООХРАНЕНИЯ РЕСПУБЛИКАНСКИЙ КЛИНИЧЕСКИЙ ПРОТИВОТУБЕРКУЛЕЗНЫЙ ДИСПАНСЕР";"Российская Федерация, 450080, Башкортостан Респ, Уфа г, УЛ САГИТА АГИША, ДОМ 4";"БАШКОРТОСТАН РЕСП САГИТА АГИША УЛИЦА, Д. 4, УФА, РОССИЯ";-200;-200;NA;NA
"03012000535";"ГОСУДАРСТВЕННОЕ БЮДЖЕТНОЕ УЧРЕЖДЕНИЕ ЗДРАВООХРАНЕНИЯ РЕСПУБЛИКАНСКАЯ СТАНЦИЯ ПЕРЕЛИВАНИЯ КРОВИ";"Российская Федерация, 450106, Башкортостан Респ, Уфа г, УЛ БАТЫРСКАЯ, 41/1";"БАШКОРТОСТАН РЕСП БАТЫРСКАЯ УЛИЦА, Д. 41/1, УФА, РОССИЯ";-200;-200;NA;NA
"03012000588";"ГОСУДАРСТВЕННОЕ БЮДЖЕТНОЕ УЧРЕЖДЕНИЕ ЗДРАВООХРАНЕНИЯ РЕСПУБЛИКАНСКИЙ НАРКОЛОГИЧЕСКИЙ ДИСПАНСЕР № 1 МИНИСТЕРСТВА ЗДРАВООХРАНЕНИЯ РЕСПУБЛИКИ БАШКОРТОСТАН";"Российская Федерация, 450057, Башкортостан Респ, г. Уфа, ул. Пушкина, дом 119";"БАШКОРТОСТАН РЕСП, ПУШКИНА УЛИЦА, Д. 119, УФА, РОССИЯ";-200;-200;NA;NA
"03012000597";"ГОСУДАРСТВЕННОЕ КАЗЕННОЕ ОБЩЕОБРАЗОВАТЕЛЬНОЕ УЧРЕЖДЕНИЕ ДЛЯ ДЕТЕЙ, НУЖДАЮЩИХСЯ В ДЛИТЕЛЬНОМ ЛЕЧЕНИИ, УФИМСКАЯ САНАТОРНАЯ ШКОЛА-ИНТЕРНАТ № 2";"Российская Федерация, 450075, Башкортостан Респ, Уфа г, ПРОСПЕКТ ОКТЯБРЯ, 153";"БАШКОРТОСТАН РЕСППРОСПЕКТСПЕКТ ОКТЯБРЯ, Д. 153, УФА, РОССИЯ";-200;-200;NA;NA
"03012000598";"ГОСУДАРСТВЕННОЕ БЮДЖЕТНОЕ УЧРЕЖДЕНИЕ ЗДРАВООХРАНЕНИЯ РЕСПУБЛИКАНСКИЙ НАРКОЛОГИЧЕСКИЙ ДИСПАНСЕР № 2 МИНИСТЕРСТВА ЗДРАВООХРАНЕНИЯ РЕСПУБЛИКИ БАШКОРТОСТАН";"Российская Федерация, 453102, Башкортостан Респ, Стерлитамак г, УЛ ТОЛБУХИНА, 8";"БАШКОРТОСТАН РЕСП ТОЛБУХИНА УЛИЦА, Д. 8, СТЕРЛИТАМАК, РОССИЯ";-200;-200;NA;NA
"03012000604";"ГОСУДАРСТВЕННОЕ БЮДЖЕТНОЕ ОБЩЕОБРАЗОВАТЕЛЬНОЕ УЧРЕЖДЕНИЕ УФИМСКАЯ КОРРЕКЦИОННАЯ ШКОЛА-ИНТЕРНАТ ДЛЯ ГЛУХИХ ОБУЧАЮЩИХСЯ";"Российская Федерация, 450050, Башкортостан Респ, Уфа г, УЛИЦА МУСОРГСКОГО, ДОМ 2";"БАШКОРТОСТАН РЕСП МУСОРГСКОГО УЛИЦА, Д. 2, УФА, РОССИЯ";-200;-200;NA;NA
"03012000616";"ГОСУДАРСТВЕННОЕ БЮДЖЕТНОЕ УЧРЕЖДЕНИЕ ЗДРАВООХРАНЕНИЯ РЕСПУБЛИКИ БАШКОРТОСТАН БАЙМАКСКАЯ ЦЕНТРАЛЬНАЯ ГОРОДСКАЯ БОЛЬНИЦА";"Российская Федерация, 453633, Башкортостан Респ, Баймакский р-н, Баймак г, УЛИЦА МИРА, 1";"БАШКОРТОСТАН РЕСП, МИРА УЛИЦА, Д. 1, БАЙМАК, РОССИЯ";-200;-200;NA;NA
"03012000619";"ГОСУДАРСТВЕННОЕ БЮДЖЕТНОЕ УЧРЕЖДЕНИЕ ""УФИМСКИЙ НАУЧНО-ИССЛЕДОВАТЕЛЬСКИЙ ИНСТИТУТ ГЛАЗНЫХ БОЛЕЗНЕЙ АКАДЕМИИ НАУК РЕСПУБЛИКИ БАШКОРТОСТАН""";"Российская Федерация, 450008, Республика Башкортостан, г. Уфа, ул. Пушкина, д. 90";"РЕСПУБЛИКА БАШКОРТОСТАН, ПУШКИНА УЛИЦА, Д. 90, УФА, РОССИЯ";-200;-200;NA;NA
"03012000663";"ГОСУДАРСТВЕННОЕ БЮДЖЕТНОЕ ОБЩЕОБРАЗОВАТЕЛЬНОЕ УЧРЕЖДЕНИЕ ТУЙМАЗИНСКАЯ КОРРЕКЦИОННАЯ ШКОЛА-ИНТЕРНАТ № 2 ДЛЯ ОБУЧАЮЩИХСЯ С ОГРАНИЧЕННЫМИ ВОЗМОЖНОСТЯМИ ЗДОРОВЬЯ";"Российская Федерация, 452756, Башкортостан Респ, Туймазинский р-н, г.Туймазы, ул.Ульянова, 38, -";"БАШКОРТОСТАН РЕСП УЛЬЯНОВА УЛИЦА, Д. 38, ТУЙМАЗЫ, РОССИЯ";-200;-200;NA;NA
"03012000675";"ГОСУДАРСТВЕННОЕ КАЗЕННОЕ УЧРЕЖДЕНИЕ РЕСПУБЛИКИ БАШКОРТОСТАН ХОЗЯЙСТВЕННОЕ УПРАВЛЕНИЕ";"Российская Федерация, 450101, Башкортостан Респ, Уфа г, Тукаева, 46";"БАШКОРТОСТАН РЕСП ТУКАЕВА, Д. 46, УФА, РОССИЯ";-200;-200;NA;NA
"03012000678";"ГОСУДАРСТВЕННОЕ БЮДЖЕТНОЕ УЧРЕЖДЕНИЕ ВЕТЕРИНАРНАЯ СТАНЦИЯ БАЙМАКСКОГО РАЙОНА И ГОРОДА СИБАЯ РЕСПУБЛИКИ БАШКОРТОСТАН";"Российская Федерация, 453631, Башкортостан Респ, Баймакский р-н, Баймак г, УЛ КРЕСТЬЯНСКАЯ, ДОМ 83";"БАШКОРТОСТАН РЕСП, КРЕСТЬЯНСКАЯ УЛИЦА, Д. 83, БАЙМАК, РОССИЯ";-200;-200;NA;NA
"03012000683";"ГОСУДАРСТВЕННОЕ КАЗЕННОЕ УЧРЕЖДЕНИЕ РЕСПУБЛИКИ БАШКОРТОСТАН ""ХОЗЯЙСТВЕННОЕ УПРАВЛЕНИЕ № 2""";"Российская Федерация, 450077, Башкортостан Респ, Уфа г, УЛИЦА ДОСТОЕВСКОГО, 64";"БАШКОРТОСТАН РЕСП ДОСТОЕВСКОГО УЛИЦА, Д. 64, УФА, РОССИЯ";-200;-200;NA;NA
"03012000684";"ГОСУДАРСТВЕННОЕ БЮДЖЕТНОЕ УЧРЕЖДЕНИЕ ГАФУРИЙСКАЯ РАЙОННАЯ ВЕТЕРИНАРНАЯ СТАНЦИЯ РЕСПУБЛИКИ БАШКОРТОСТАН";"Российская Федерация, 453050, Башкортостан Респ, Гафурийский р-н, Красноусольский с, УЛ ЗАПАДНАЯ, 10";"БАШКОРТОСТАН РЕСП, ЗАПАДНАЯ УЛИЦА, Д. 10, КРАСНОУСОЛЬСКИЙ, РОССИЯ";-200;-200;NA;NA
"03012000703";"ГОСУДАРСТВЕННОЕ БЮДЖЕТНОЕ УЧРЕЖДЕНИЕ КУЛЬТУРЫ И ИСКУССТВА УФИМСКИЙ ГОСУДАРСТВЕННЫЙ ТАТАРСКИЙ ТЕАТР ""НУР""";"Российская Федерация, 450071, Башкортостан Респ, Уфа г, УЛ 50 ЛЕТ СССР, ДОМ 36";"БАШКОРТОСТАН РЕСП 50 ЛЕТ СССР УЛИЦА, Д. 36, УФА, РОССИЯ";-200;-200;NA;NA
"03012000711";"ГОСУДАРСТВЕННОЕ БЮДЖЕТНОЕ УЧРЕЖДЕНИЕ КУЛЬТУРЫ И ИСКУССТВА РЕСПУБЛИКИ БАШКОРТОСТАН БАШКИРСКИЙ ГОСУДАРСТВЕННЫЙ ТЕАТР КУКОЛ";"Российская Федерация, 450055, Башкортостан Респ, Уфа г, ПРОСПЕКТ ОКТЯБРЯ, 158";"БАШКОРТОСТАН РЕСППРОСПЕКТСПЕКТ ОКТЯБРЯ, Д. 158, УФА, РОССИЯ";-200;-200;NA;NA
"03012000719";"ГОСУДАРСТВЕННОЕ БЮДЖЕТНОЕ УЧРЕЖДЕНИЕ ВЕТЕРИНАРНАЯ СТАНЦИЯ ГОРОДА ЯНАУЛА И ЯНАУЛЬСКОГО РАЙОНА РЕСПУБЛИКИ БАШКОРТОСТАН";"Российская Федерация, 452800, Башкортостан Респ, Янаульский р-н, Янаул г, ПЕР МАЯКОВСКОГО, 28";"БАШКОРТОСТАН РЕСП, ПЕР МАЯКОВСКОГО, Д. 28, ЯНАУЛ, РОССИЯ";-200;-200;NA;NA
"03012000733";"ГОСУДАРСТВЕННОЕ БЮДЖЕТНОЕ УЧРЕЖДЕНИЕ ЧЕКМАГУШЕВСКАЯ РАЙОННАЯ ВЕТЕРИНАРНАЯ СТАНЦИЯ РЕСПУБЛИКИ БАШКОРТОСТАН";"Российская Федерация, 452200, Башкортостан Респ, Чекмагушевский р-н, Чекмагуш с, УЛ КОЛЬЦЕВАЯ, 67Б";"БАШКОРТОСТАН РЕСП, КОЛЬЦЕВАЯ УЛИЦА, Д. 67Б, ЧЕКМАГУШ, РОССИЯ";-200;-200;NA;NA
"03012000739";"ГОСУДАРСТВЕННОЕ БЮДЖЕТНОЕ УЧРЕЖДЕНИЕ ВЕТЕРИНАРНАЯ СТАНЦИЯ КУЮРГАЗИНСКОГО РАЙОНА И ГОРОДА КУМЕРТАУ РЕСПУБЛИКИ БАШКОРТОСТАН";"Российская Федерация, 453360, Башкортостан Респ, Куюргазинский р-н, Ермолаево с, УЛ ВАТУТИНА, ДОМ 86";"БАШКОРТОСТАН РЕСП, ВАТУТИНА УЛИЦА, Д. 86, ЕРМОЛАЕВО, РОССИЯ";-200;-200;NA;NA
"03012000751";"ГОСУДАРСТВЕННОЕ БЮДЖЕТНОЕ УЧРЕЖДЕНИЕ НЕФТЕКАМСКАЯ МЕЖРАЙОННАЯ ВЕТЕРИНАРНАЯ СТАНЦИЯ РЕСПУБЛИКИ БАШКОРТОСТАН";"Российская Федерация, 452683, Башкортостан Респ, Нефтекамск г, УЛИЦА НОВАЯ, 1";"БАШКОРТОСТАН РЕСП НОВАЯ УЛИЦА, Д. 1, НЕФТЕКАМСК, РОССИЯ";-200;-200;NA;NA
"03012000773";"ГОСУДАРСТВЕННОЕ БЮДЖЕТНОЕ УЧРЕЖДЕНИЕ НАУЧНО-ПРОИЗВОДСТВЕННЫЙ ЦЕНТР ПО ОХРАНЕ И ИСПОЛЬЗОВАНИЮ НЕДВИЖИМЫХ ОБЪЕКТОВ КУЛЬТУРНОГО НАСЛЕДИЯ РЕСПУБЛИКИ БАШКОРТОСТАН";"Российская Федерация, 450076, Башкортостан Респ, Уфа г, УЛИЦА ЧЕРНЫШЕВСКОГО, ДОМ 47";"БАШКОРТОСТАН РЕСП ЧЕРНЫШЕВСКОГО УЛИЦА, Д. 47, УФА, РОССИЯ";-200;-200;NA;NA
"03012000774";"ГОСУДАРСТВЕННОЕ БЮДЖЕТНОЕ УЧРЕЖДЕНИЕ РЕСПУБЛИКИ БАШКОРТОСТАН СЛУЖБА ОБЕСПЕЧЕНИЯ МЕРОПРИЯТИЙ ГРАЖДАНСКОЙ ЗАЩИТЫ";"Российская Федерация, 450005, Башкортостан Респ, Уфа г, УЛ 8 МАРТА, 12/1";"БАШКОРТОСТАН РЕСП 8 МАА УЛИЦА, Д. 12/1, УФА, РОССИЯ";-200;-200;NA;NA
"03012000776";"ГОСУДАРСТВЕННОЕ БЮДЖЕТНОЕ УЧРЕЖДЕНИЕ АВАРИЙНО-СПАСАТЕЛЬНАЯ СЛУЖБА РЕСПУБЛИКИ БАШКОРТОСТАН";"Российская Федерация, 450095, Башкортостан Респ, Уфа г, Чебоксарская, 21, -";"БАШКОРТОСТАН РЕСП ЧЕБОКСАРСКАЯ, Д. 21, УФА, РОССИЯ";-200;-200;NA;NA
"03012000788";"ГОСУДАРСТВЕННОЕ БЮДЖЕТНОЕ УЧРЕЖДЕНИЕ КУЛЬТУРЫ И ИСКУССТВА РЕСПУБЛИКИ БАШКОРТОСТАН НАЦИОНАЛЬНЫЙ МУЗЕЙ РЕСПУБЛИКИ БАШКОРТОСТАН";"Российская Федерация, 450000, Башкортостан Респ, Уфа г, СОВЕТСКАЯ, 14";"БАШКОРТОСТАН РЕСП СОВЕТСКАЯ, Д. 14, УФА, РОССИЯ";-200;-200;NA;NA
"03012000794";"ГОСУДАРСТВЕННОЕ БЮДЖЕТНОЕ УЧРЕЖДЕНИЕ РЕСПУБЛИКАНСКИЙ РЕАБИЛИТАЦИОННЫЙ ЦЕНТР ДЛЯ ДЕТЕЙ И ПОДРОСТКОВ С ОГРАНИЧЕННЫМИ ВОЗМОЖНОСТЯМИ";"Российская Федерация, 450075, Башкортостан Респ, Уфа г, ПРОСПЕКТ ОКТЯБРЯ, ДОМ 133/КОРПУС 2";"БАШКОРТОСТАН РЕСППРОСПЕКТСПЕКТ ОКТЯБРЯ, Д. 133/КОРПУС 2, УФА, РОССИЯ";-200;-200;NA;NA
"03012000808";"ГОСУДАРСТВЕННОЕ БЮДЖЕТНОЕ УЧРЕЖДЕНИЕ РЕАБИЛИТАЦИОННЫЙ ЦЕНТР ДЛЯ ДЕТЕЙ И ПОДРОСТКОВ С ОГРАНИЧЕННЫМИ ВОЗМОЖНОСТЯМИ ЗДОРОВЬЯ Г.БЕЛОРЕЦКА РЕСПУБЛИКИ БАШКОРТОСТАН";"Российская Федерация, 453500, Башкортостан Респ, Белорецкий р-н, Белорецк г, УЛИЦА ЛЕНИНА, ДОМ 27/КОРПУС А";"БАШКОРТОСТАН РЕСП, ЛЕНИНА УЛИЦА, Д. 27/КОРПУС А, БЕЛОРЕЦК, РОССИЯ";-200;-200;NA;NA
"03012000810";"ГОСУДАРСТВЕННОЕ БЮДЖЕТНОЕ ПРОФЕССИОНАЛЬНОЕ ОБРАЗОВАТЕЛЬНОЕ УЧРЕЖДЕНИЕ НЕФТЕКАМСКИЙ МАШИНОСТРОИТЕЛЬНЫЙ КОЛЛЕДЖ";"Российская Федерация, 452688, Башкортостан Респ, Нефтекамск г, УЛИЦА ЛЕНИНА, ДОМ 66";"БАШКОРТОСТАН РЕСП ЛЕНИНА УЛИЦА, Д. 66, НЕФТЕКАМСК, РОССИЯ";-200;-200;NA;NA
"03012000812";"ГОСУДАРСТВЕННОЕ КАЗЕННОЕ УЧРЕЖДЕНИЕ ""ИСПЫТАТЕЛЬНЫЙ ЦЕНТР""";"Российская Федерация, 450059, Башкортостан Респ, Уфа г, УЛ СТЕПАНА ХАЛТУРИНА, 28";"БАШКОРТОСТАН РЕСП СТЕПАНА ХАЛТУРИНА УЛИЦА, Д. 28, УФА, РОССИЯ";-200;-200;NA;NA
"03012000817";"ГОСУДАРСТВЕННОЕ БЮДЖЕТНОЕ УЧРЕЖДЕНИЕ ЗДРАВООХРАНЕНИЯ РЕСПУБЛИКИ БАШКОРТОСТАН ДЕТСКАЯ БОЛЬНИЦА ГОРОДА СТЕРЛИТАМАК";"Российская Федерация, 453115, Башкортостан Респ, Стерлитамак г, УЛ НАГУМАНОВА, 56";"БАШКОРТОСТАН РЕСП НАГУМАНОВА УЛИЦА, Д. 56, СТЕРЛИТАМАК, РОССИЯ";-200;-200;NA;NA
"03012000819";"ГОСУДАРСТВЕННОЕ БЮДЖЕТНОЕ УЧРЕЖДЕНИЕ ДИРЕКЦИЯ ПО ОСОБО ОХРАНЯЕМЫМ ПРИРОДНЫМ ТЕРРИТОРИЯМ РЕСПУБЛИКИ БАШКОРТОСТАН";"Российская Федерация, 450006, Башкортостан Респ, Уфа г, УЛИЦА ЛЕНИНА, ДОМ 86";"БАШКОРТОСТАН РЕСП ЛЕНИНА УЛИЦА, Д. 86, УФА, РОССИЯ";-200;-200;NA;NA
"03013000011";"ГОСУДАРСТВЕННОЕ БЮДЖЕТНОЕ УЧРЕЖДЕНИЕ ЗДРАВООХРАНЕНИЯ РЕСПУБЛИКИ БАШКОРТОСТАН ИГЛИНСКАЯ ЦЕНТРАЛЬНАЯ РАЙОННАЯ БОЛЬНИЦА";"Российская Федерация, 452410, Башкортостан Респ, Иглинский р-н, Иглино с, УЛ ЛЕНИНА, 30";"БАШКОРТОСТАН РЕСП, ЛЕНИНА УЛИЦА, Д. 30, ИГЛИНО, РОССИЯ";-200;-200;NA;NA
"03013000013";"ГОСУДАРСТВЕННОЕ БЮДЖЕТНОЕ УЧРЕЖДЕНИЕ ЗДРАВООХРАНЕНИЯ РЕСПУБЛИКИ БАШКОРТОСТАН ДАВЛЕКАНОВСКАЯ ЦЕНТРАЛЬНАЯ РАЙОННАЯ БОЛЬНИЦА";"Российская Федерация, 453405, Башкортостан Респ, Давлеканово г, Заводская, 9, -";"БАШКОРТОСТАН РЕСП ЗАВОДСКАЯ, Д. 9, ДАВЛЕКАНОВО, РОССИЯ";-200;-200;NA;NA
"03013000016";"ГОСУДАРСТВЕННОЕ БЮДЖЕТНОЕ УЧРЕЖДЕНИЕ ЗДРАВООХРАНЕНИЯ РЕСПУБЛИКИ БАШКОРТОСТАН ТУЙМАЗИНСКАЯ ЦЕНТРАЛЬНАЯ РАЙОННАЯ БОЛЬНИЦА";"Российская Федерация, 452750, Башкортостан Респ, Туймазинский р-н, Туймазы г, УЛ ЛЕНИНА, 16";"БАШКОРТОСТАН РЕСП, ЛЕНИНА УЛИЦА, Д. 16, ТУЙМАЗЫ, РОССИЯ";-200;-200;NA;NA
"03013000018";"ГОСУДАРСТВЕННОЕ БЮДЖЕТНОЕ УЧРЕЖДЕНИЕ ЗДРАВООХРАНЕНИЯ РЕСПУБЛИКИ БАШКОРТОСТАН ВЕРХНЕЯРКЕЕВСКАЯ ЦЕНТРАЛЬНАЯ РАЙОННАЯ БОЛЬНИЦА";"Российская Федерация, 452260, Башкортостан Респ, Илишевский р-н, Верхнеяркеево с, УЛ ХУДАЙБЕРДИНА, 1";"БАШКОРТОСТАН РЕСП, ХУДАЙБЕРДИНА УЛИЦА, Д. 1, ВЕРХНЕЯРКЕЕВО, РОССИЯ";-200;-200;NA;NA
"03013000031";"МУНИЦИПАЛЬНОЕ КАЗЕННОЕ УЧРЕЖДЕНИЕ УПРАВЛЕНИЕ ОБРАЗОВАНИЯ МУНИЦИПАЛЬНОГО РАЙОНА БЕЛЕБЕЕВСКИЙ РАЙОН РЕСПУБЛИКИ БАШКОРТОСТАН";"Российская Федерация, 452001, Башкортостан Респ, Белебеевский р-н, Белебей г, УЛ СОВЕТСКАЯ, ДОМ 10";"БАШКОРТОСТАН РЕСП, СОВЕТСКАЯ УЛИЦА, Д. 10, БЕЛЕБЕЙ, РОССИЯ";-200;-200;NA;NA
"03013000037";"ГОСУДАРСТВЕННОЕ БЮДЖЕТНОЕ УЧРЕЖДЕНИЕ ЗДРАВООХРАНЕНИЯ РЕСПУБЛИКИ БАШКОРТОСТАН КРАСНОУСОЛЬСКАЯ ЦЕНТРАЛЬНАЯ РАЙОННАЯ БОЛЬНИЦА";"Российская Федерация, 453050, Башкортостан Респ, Гафурийский р-н, Красноусольский с, УЛ АЭРОДРОМНАЯ, 15";"БАШКОРТОСТАН РЕСП, АЭРОДРОМНАЯ УЛИЦА, Д. 15, КРАСНОУСОЛЬСКИЙ, РОССИЯ";-200;-200;NA;NA
"03013000039";"МУНИЦИПАЛЬНОЕ КАЗЕННОЕ УЧРЕЖДЕНИЕ ОТДЕЛ ОБРАЗОВАНИЯ МУНИЦИПАЛЬНОГО РАЙОНА АУРГАЗИНСКИЙ РАЙОН РЕСПУБЛИКИ БАШКОРТОСТАН";"Российская Федерация, 453480, Башкортостан Респ, Аургазинский р-н, Толбазы с, УЛ ЛЕНИНА, 86";"БАШКОРТОСТАН РЕСП, ЛЕНИНА УЛИЦА, Д. 86, ТОЛБАЗЫ, РОССИЯ";-200;-200;NA;NA
"03013000050";"ГОСУДАРСТВЕННОЕ БЮДЖЕТНОЕ УЧРЕЖДЕНИЕ ЗДРАВООХРАНЕНИЯ РЕСПУБЛИКИ БАШКОРТОСТАН АРХАНГЕЛЬСКАЯ ЦЕНТРАЛЬНАЯ РАЙОННАЯ БОЛЬНИЦА";"Российская Федерация, 453030, Башкортостан Респ, Архангельский р-н, Архангельское с, УЛИЦА БОЛЬНИЧНАЯ, 1";"БАШКОРТОСТАН РЕСП, БОЛЬНИЧНАЯ УЛИЦА, Д. 1, АРХАНГЕЛЬСКОЕ, РОССИЯ";-200;-200;NA;NA
"03013000057";"ГОСУДАРСТВЕННОЕ БЮДЖЕТНОЕ УЧРЕЖДЕНИЕ ЗДРАВООХРАНЕНИЯ РЕСПУБЛИКИ БАШКОРТОСТАН ИШИМБАЙСКАЯ ЦЕНТРАЛЬНАЯ РАЙОННАЯ БОЛЬНИЦА";"Российская Федерация, 453215, Башкортостан Респ, Ишимбайский р-н, Ишимбай г, УЛИЦА СТАХАНОВСКАЯ, 75";"БАШКОРТОСТАН РЕСП, СТАХАНОВСКАЯ УЛИЦА, Д. 75, ИШИМБАЙ, РОССИЯ";-200;-200;NA;NA
"03013000070";"МУНИЦИПАЛЬНОЕ КАЗЕННОЕ УЧРЕЖДЕНИЕ УПРАВЛЕНИЕ ОБРАЗОВАНИЯ АДМИНИСТРАЦИИ ГОРОДСКОГО ОКРУГА ГОРОД НЕФТЕКАМСК РЕСПУБЛИКИ БАШКОРТОСТАН";"Российская Федерация, 452684, Башкортостан Респ, Нефтекамск г, УЛИЦА НЕФТЯНИКОВ, ДОМ 22";"БАШКОРТОСТАН РЕСП НЕФТЯНИКОВ УЛИЦА, Д. 22, НЕФТЕКАМСК, РОССИЯ";-200;-200;NA;NA
"03013000151";"ГОСУДАРСТВЕННОЕ БЮДЖЕТНОЕ УЧРЕЖДЕНИЕ ЗДРАВООХРАНЕНИЯ РЕСПУБЛИКИ БАШКОРТОСТАН КРАСНОКАМСКАЯ ЦЕНТРАЛЬНАЯ РАЙОННАЯ БОЛЬНИЦА";"Российская Федерация, 452930, Башкортостан Респ, Краснокамский р-н, Николо-Березовка с, УЛИЦА ЗЕЛЕНАЯ, ДОМ 2";"БАШКОРТОСТАН РЕСП, ЗЕЛЕНАЯ УЛИЦА, Д. 2, НИКОЛО-БЕРЕЗОВКА, РОССИЯ";-200;-200;NA;NA
"03013000159";"ГОСУДАРСТВЕННОЕ БЮДЖЕТНОЕ УЧРЕЖДЕНИЕ ЗДРАВООХРАНЕНИЯ РЕСПУБЛИКИ БАШКОРТОСТАН ГОРОДСКАЯ БОЛЬНИЦА № 9 ГОРОДА УФА";"Российская Федерация, 450017, Башкортостан Респ, Уфа г, УЛ ЧКАЛОВА, 125";"БАШКОРТОСТАН РЕСП ЧКАЛОВА УЛИЦА, Д. 125, УФА, РОССИЯ";-200;-200;NA;NA
"03013000160";"ГОСУДАРСТВЕННОЕ БЮДЖЕТНОЕ УЧРЕЖДЕНИЕ ЗДРАВООХРАНЕНИЯ РЕСПУБЛИКИ БАШКОРТОСТАН ГОРОДСКАЯ БОЛЬНИЦА ГОРОДА НЕФТЕКАМСК";"Российская Федерация, 452687, Башкортостан Респ, Нефтекамск г, УЛИЦА ПАРКОВАЯ, 31";"БАШКОРТОСТАН РЕСП ПАРКОВАЯ УЛИЦА, Д. 31, НЕФТЕКАМСК, РОССИЯ";-200;-200;NA;NA
"03013000175";"ГОСУДАРСТВЕННОЕ БЮДЖЕТНОЕ УЧРЕЖДЕНИЕ ЗДРАВООХРАНЕНИЯ РЕСПУБЛИКИ БАШКОРТОСТАН СТЕРЛИБАШЕВСКАЯ ЦЕНТРАЛЬНАЯ РАЙОННАЯ БОЛЬНИЦА";"Российская Федерация, 453180, Башкортостан Респ, Стерлибашевский р-н, Стерлибашево с, УЛИЦА 50 ЛЕТ ОКТЯБРЯ, 6";"БАШКОРТОСТАН РЕСП, 50 ЛЕТ ОКТЯБРЯ УЛИЦА, Д. 6, СТЕРЛИБАШЕВО, РОССИЯ";-200;-200;NA;NA
"03013000194";"ГОСУДАРСТВЕННОЕ БЮДЖЕТНОЕ УЧРЕЖДЕНИЕ ЗДРАВООХРАНЕНИЯ РЕСПУБЛИКАНСКИЙ КЛИНИЧЕСКИЙ ГОСПИТАЛЬ ВЕТЕРАНОВ ВОЙН";"450057, Респ Башкортостан, г Уфа, ул Тукаева, дом 48";"РЕСП БАШКОРТОСТАН, Г УФА, ТУКАЕВА УЛИЦА, Д. 48, 450057, РЕСП БАШКОРТОСТАН, Г УФА, УЛ ТУКАЕВА, ДОМ 48, РОССИЯ";-200;-200;NA;NA
"03013000199";"ГОСУДАРСТВЕННОЕ БЮДЖЕТНОЕ УЧРЕЖДЕНИЕ ЗДРАВООХРАНЕНИЯ РЕСПУБЛИКИ БАШКОРТОСТАН СТОМАТОЛОГИЧЕСКАЯ ПОЛИКЛИНИКА № 6 ГОРОДА УФА";"Российская Федерация, 450057, Башкортостан Респ, Уфа г, УЛ НОВОМОСТОВАЯ, 9";"БАШКОРТОСТАН РЕСП НОВОМОСТОВАЯ УЛИЦА, Д. 9, УФА, РОССИЯ";-200;-200;NA;NA
"03013000204";"ГОСУДАРСТВЕННОЕ БЮДЖЕТНОЕ УЧРЕЖДЕНИЕ ЗДРАВООХРАНЕНИЯ ""РЕСПУБЛИКАНСКИЙ  КЛИНИЧЕСКИЙ ПЕРИНАТАЛЬНЫЙ ЦЕНТР"" МИНИСТЕРСТВА ЗДРАВООХРАНЕНИЯ РЕСПУБЛИКИ БАШКОРТОСТАН";"Российская Федерация, 450106, Башкортостан Респ, Уфа г, УЛ БАТЫРСКАЯ, 41";"БАШКОРТОСТАН РЕСП БАТЫРСКАЯ УЛИЦА, Д. 41, УФА, РОССИЯ";-200;-200;NA;NA
"03013000207";"ГОСУДАРСТВЕННОЕ БЮДЖЕТНОЕ УЧРЕЖДЕНИЕ ЗДРАВООХРАНЕНИЯ РЕСПУБЛИКИ БАШКОРТОСТАН ГОРОДСКАЯ БОЛЬНИЦА № 2 ГОРОДА СТЕРЛИТАМАК";"Российская Федерация, 453103, Башкортостан Респ, Стерлитамак г, УЛИЦА ГОЛИКОВА, 28/А";"БАШКОРТОСТАН РЕСП ГОЛИКОВА УЛИЦА, Д. 28/А, СТЕРЛИТАМАК, РОССИЯ";-200;-200;NA;NA
"03013000208";"ГОСУДАРСТВЕННОЕ БЮДЖЕТНОЕ УЧРЕЖДЕНИЕ ЗДРАВООХРАНЕНИЯ РЕСПУБЛИКИ БАШКОРТОСТАН ГОРОДСКАЯ БОЛЬНИЦА № 4 ГОРОДА СТЕРЛИТАМАК";"Российская Федерация, 453104, Башкортостан Респ, Стерлитамак г, УЛИЦА ЖЕЛЕЗНОДОРОЖНАЯ, 32/А";"БАШКОРТОСТАН РЕСП ЖЕЛЕЗНОДОРОЖНАЯ УЛИЦА, Д. 32/А, СТЕРЛИТАМАК, РОССИЯ";-200;-200;NA;NA
"03013000214";"ГОСУДАРСТВЕННОЕ БЮДЖЕТНОЕ УЧРЕЖДЕНИЕ ЗДРАВООХРАНЕНИЯ РЕСПУБЛИКИ БАШКОРТОСТАН ДЕТСКАЯ ПОЛИКЛИНИКА №6 ГОРОДА УФА";"Российская Федерация, 450076, Башкортостан Респ, Уфа г, УЛ АКСАКОВА, 62";"БАШКОРТОСТАН РЕСП АКСАКОВА УЛИЦА, Д. 62, УФА, РОССИЯ";-200;-200;NA;NA
"03013000215";"ГОСУДАРСТВЕННОЕ БЮДЖЕТНОЕ УЧРЕЖДЕНИЕ ЗДРАВООХРАНЕНИЯ РЕСПУБЛИКИ БАШКОРТОСТАН РОДИЛЬНЫЙ ДОМ № 3 ГОРОДА УФА";"Российская Федерация, 450065, Башкортостан Респ, Уфа г, УЛ КОЛЬЦЕВАЯ, ДОМ 131";"БАШКОРТОСТАН РЕСП КОЛЬЦЕВАЯ УЛИЦА, Д. 131, УФА, РОССИЯ";-200;-200;NA;NA
"03013000216";"ГОСУДАРСТВЕННОЕ БЮДЖЕТНОЕ УЧРЕЖДЕНИЕ ЗДРАВООХРАНЕНИЯ РЕСПУБЛИКИ БАШКОРТОСТАН ДЕТСКАЯ СТОМАТОЛОГИЧЕСКАЯ ПОЛИКЛИНИКА № 7 ГОРОДА УФА";"Российская Федерация, 450075, Башкортостан Респ, Уфа г, УЛ БЛЮХЕРА, 25/1";"БАШКОРТОСТАН РЕСП БЛЮХЕРА УЛИЦА, Д. 25/1, УФА, РОССИЯ";-200;-200;NA;NA
"03013000217";"ГОСУДАРСТВЕННОЕ БЮДЖЕТНОЕ УЧРЕЖДЕНИЕ ЗДРАВООХРАНЕНИЯ РЕСПУБЛИКИ БАШКОРТОСТАН ПОЛИКЛИНИКА № 50 ГОРОДА УФА";"Российская Федерация, 450059, Башкортостан Респ, Уфа г, ПР-КТ ОКТЯБРЯ, ДОМ 26";"БАШКОРТОСТАН РЕСППРОСПЕКТСПЕКТ ОКТЯБРЯ, Д. 26, УФА, РОССИЯ";-200;-200;NA;NA
"03013000218";"ГОСУДАРСТВЕННОЕ БЮДЖЕТНОЕ УЧРЕЖДЕНИЕ ЗДРАВООХРАНЕНИЯ РЕСПУБЛИКИ БАШКОРТОСТАН ЦЕНТРАЛЬНАЯ ГОРОДСКАЯ БОЛЬНИЦА ГОРОДА СИБАЙ";"Российская Федерация, 453838, Башкортостан Респ, Сибай г, УЛИЦА БЕЛОВА, 19";"БАШКОРТОСТАН РЕСП БЕЛОВА УЛИЦА, Д. 19, СИБАЙ, РОССИЯ";-200;-200;NA;NA
"03013000221";"ГОСУДАРСТВЕННОЕ БЮДЖЕТНОЕ УЧРЕЖДЕНИЕ ЗДРАВООХРАНЕНИЯ РЕСПУБЛИКАНСКАЯ СТАНЦИЯ СКОРОЙ МЕДИЦИНСКОЙ ПОМОЩИ И ЦЕНТР МЕДИЦИНЫ КАТАСТРОФ";"Российская Федерация, 450092, Башкортостан Респ, Уфа г, УЛИЦА БАТЫРСКАЯ, Д 39/1";"БАШКОРТОСТАН РЕСП БАТЫРСКАЯ УЛИЦА, Д. Д 39/1, УФА, РОССИЯ";-200;-200;NA;NA
"03013000226";"ГОСУДАРСТВЕННОЕ БЮДЖЕТНОЕ УЧРЕЖДЕНИЕ ЗДРАВООХРАНЕНИЯ РЕСПУБЛИКИ БАШКОРТОСТАН ГОРОДСКАЯ КЛИНИЧЕСКАЯ БОЛЬНИЦА № 13 ГОРОДА УФА";"Российская Федерация, 450112, Башкортостан Респ, Уфа г, НЕЖИНСКАЯ, 28";"БАШКОРТОСТАН РЕСП НЕЖИНСКАЯ, Д. 28, УФА, РОССИЯ";-200;-200;NA;NA
"03013000231";"ГОСУДАРСТВЕННОЕ БЮДЖЕТНОЕ УЧРЕЖДЕНИЕ ЗДРАВООХРАНЕНИЯ РЕСПУБЛИКИ БАШКОРТОСТАН АКЪЯРСКАЯ ЦЕНТРАЛЬНАЯ РАЙОННАЯ БОЛЬНИЦА";"Российская Федерация, 453800, Башкортостан Респ, Хайбуллинский р-н, Акъяр с, УЛИЦА БАТАНОВА, 9";"БАШКОРТОСТАН РЕСП, БАТАНОВА УЛИЦА, Д. 9, АКЪЯР, РОССИЯ";-200;-200;NA;NA
"03013000240";"ГОСУДАРСТВЕННОЕ БЮДЖЕТНОЕ УЧРЕЖДЕНИЕ ЗДРАВООХРАНЕНИЯ РЕСПУБЛИКИ БАШКОРТОСТАН ФЕДОРОВСКАЯ ЦЕНТРАЛЬНАЯ РАЙОННАЯ БОЛЬНИЦА";"Российская Федерация, 453280, Башкортостан Респ, Федоровский р-н, Федоровка с, УЛИЦА КОММУНИСТИЧЕСКАЯ, 37";"БАШКОРТОСТАН РЕСП, КОММУНИСТИЧЕСКАЯ УЛИЦА, Д. 37, ФЕДОРОВКА, РОССИЯ";-200;-200;NA;NA
"03013000248";"ГОСУДАРСТВЕННОЕ КАЗЕННОЕ УЧРЕЖДЕНИЕ ЗДРАВООХРАНЕНИЯ РЕСПУБЛИКИ БАШКОРТОСТАН САНИТАРНЫЙ АВТОТРАНСПОРТ ГОРОДА СТЕРЛИТАМАК";"Российская Федерация, 453101, Башкортостан Респ, Стерлитамак г, УЛИЦА ОСТРОВСКОГО, 2";"БАШКОРТОСТАН РЕСП ОСТРОВСКОГО УЛИЦА, Д. 2, СТЕРЛИТАМАК, РОССИЯ";-200;-200;NA;NA
"03013000249";"ОТДЕЛ СЕЛЬСКОГО ХОЗЯЙСТВА АДМИНИСТРАЦИИ МУНИЦИПАЛЬНОГО РАЙОНА КРАСНОКАМСКИЙ РАЙОН РЕСПУБЛИКИ БАШКОРТОСТАН";"Российская Федерация, 452930, Башкортостан Респ, Краснокамский р-н, Николо-Березовка с, УЛИЦА КАРЛА МАРКСА, 3";"БАШКОРТОСТАН РЕСП, КАРЛА МАРКСА УЛИЦА, Д. 3, НИКОЛО-БЕРЕЗОВКА, РОССИЯ";-200;-200;NA;NA
"03013000255";"ГОСУДАРСТВЕННОЕ БЮДЖЕТНОЕ УЧРЕЖДЕНИЕ ЗДРАВООХРАНЕНИЯ РЕСПУБЛИКИ БАШКОРТОСТАН ПОЛИКЛИНИКА №46 ГОРОДА УФА";"Российская Федерация, 450074, Башкортостан Респ, Уфа г, УЛИЦА СОФЬИ ПЕРОВСКОЙ, 38";"БАШКОРТОСТАН РЕСП СОФЬИ ПЕРОВСКОЙ УЛИЦА, Д. 38, УФА, РОССИЯ";-200;-200;NA;NA
"03013000313";"ГОСУДАРСТВЕННОЕ БЮДЖЕТНОЕ УЧРЕЖДЕНИЕ ЗДРАВООХРАНЕНИЯ РЕСПУБЛИКИ БАШКОРТОСТАН БЕЛОКАТАЙСКАЯ ЦЕНТРАЛЬНАЯ РАЙОННАЯ БОЛЬНИЦА";"Российская Федерация, 452580, Башкортостан Респ, Белокатайский р-н, Новобелокатай с, УЛИЦА ЯКОВА КУСТИКОВА, ДОМ 1";"БАШКОРТОСТАН РЕСП, ЯКОВА КУСТИКОВА УЛИЦА, Д. 1, НОВОБЕЛОКАТАЙ, РОССИЯ";-200;-200;NA;NA
"03013000378";"ГОСУДАРСТВЕННОЕ БЮДЖЕТНОЕ УЧРЕЖДЕНИЕ ЗДРАВООХРАНЕНИЯ РЕСПУБЛИКИ БАШКОРТОСТАН ГОРОДСКАЯ БОЛЬНИЦА № 3 ГОРОДА СТЕРЛИТАМАК";"Российская Федерация, 453130, Башкортостан Респ, Стерлитамак г, УЛ ПАТРИОТИЧЕСКАЯ, 59";"БАШКОРТОСТАН РЕСП ПАТРИОТИЧЕСКАЯ УЛИЦА, Д. 59, СТЕРЛИТАМАК, РОССИЯ";-200;-200;NA;NA
"03013000381";"ГОСУДАРСТВЕННОЕ БЮДЖЕТНОЕ УЧРЕЖДЕНИЕ ЗДРАВООХРАНЕНИЯ РЕСПУБЛИКИ БАШКОРТОСТАН КЛИНИЧЕСКАЯ БОЛЬНИЦА № 1 ГОРОДА СТЕРЛИТАМАК";"Российская Федерация, 453120, Башкортостан Респ, Стерлитамак г, УЛИЦА КОММУНИСТИЧЕСКАЯ, 97";"БАШКОРТОСТАН РЕСП КОММУНИСТИЧЕСКАЯ УЛИЦА, Д. 97, СТЕРЛИТАМАК, РОССИЯ";-200;-200;NA;NA
"03013000515";"ГОСУДАРСТВЕННОЕ БЮДЖЕТНОЕ УЧРЕЖДЕНИЕ ЗДРАВООХРАНЕНИЯ РЕСПУБЛИКИ БАШКОРТОСТАН ГОРОДСКАЯ КЛИНИЧЕСКАЯ БОЛЬНИЦА № 21 ГОРОДА УФА";"Российская Федерация, 450071, Башкортостан Респ, Уфа г, ПРОЕЗД ЛЕСНОЙ, 3";"БАШКОРТОСТАН РЕСППРОСПЕКТЕЗД ЛЕСНОЙ, Д. 3, УФА, РОССИЯ";-200;-200;NA;NA
"03013000527";"ГОСУДАРСТВЕННОЕ БЮДЖЕТНОЕ УЧРЕЖДЕНИЕ ЗДРАВООХРАНЕНИЯ РЕСПУБЛИКИ БАШКОРТОСТАН СТОМАТОЛОГИЧЕСКАЯ ПОЛИКЛИНИКА № 5 ГОРОДА УФА";"Российская Федерация, 450073, Башкортостан Респ, Уфа г, УЛ ЮРИЯ ГАГАРИНА, ДОМ 20";"БАШКОРТОСТАН РЕСП ЮРИЯ ГАГАРИНА УЛИЦА, Д. 20, УФА, РОССИЯ";-200;-200;NA;NA
"03013000555";"МУНИЦИПАЛЬНОЕ БЮДЖЕТНОЕ ОБЩЕОБРАЗОВАТЕЛЬНОЕ УЧРЕЖДЕНИЕ ""СРЕДНЯЯ ОБЩЕОБРАЗОВАТЕЛЬНАЯ ШКОЛА СЕЛА НИЖНИЕ ЛЕМЕЗЫ"" МУНИЦИПАЛЬНОГО РАЙОНА ИГЛИНСКИЙ РАЙОН РЕСПУБЛИКИ БАШКОРТОСТАН";"Российская Федерация, 452427, Башкортостан Респ, Иглинский р-н, Нижние Лемезы с, УЛ ЦЕНТРАЛЬНАЯ, 18";"БАШКОРТОСТАН РЕСП, ЦЕНТРАЛЬНАЯ УЛИЦА, Д. 18, НИЖНИЕ ЛЕМЕЗЫ, РОССИЯ";-200;-200;NA;NA
"03013000635";"ГОСУДАРСТВЕННОЕ БЮДЖЕТНОЕ УЧРЕЖДЕНИЕ ЗДРАВООХРАНЕНИЯ РЕСПУБЛИКИ БАШКОРТОСТАН ГОРОДСКАЯ ИНФЕКЦИОННАЯ БОЛЬНИЦА ГОРОДА СТЕРЛИТАМАК";"Российская Федерация, 453103, Башкортостан Респ, Стерлитамакский р-н, УЛ ДРУЖБЫ, 1";"БАШКОРТОСТАН РЕСП ДРУЖБЫ УЛИЦА, Д. 1, РОССИЙСКАЯ ФЕДЕРАЦИЯ, 453103, БАШКОРТОСТАН РЕСП, СТЕРЛИТАМАКСКИЙ Р-Н, УЛ ДРУЖБЫ, 1, РОССИЯ";-200;-200;NA;NA
"03013000636";"ГОСУДАРСТВЕННОЕ БЮДЖЕТНОЕ УЧРЕЖДЕНИЕ ЗДРАВООХРАНЕНИЯ РЕСПУБЛИКИ БАШКОРТОСТАН МЕСЯГУТОВСКАЯ ЦЕНТРАЛЬНАЯ РАЙОННАЯ БОЛЬНИЦА";"Российская Федерация, 452530, Башкортостан Респ, Месягутово с, УЛ ОКТЯБРЬСКАЯ, ДОМ 36";"БАШКОРТОСТАН РЕСП ОКТЯБРЬСКАЯ УЛИЦА, Д. 36, МЕСЯГУТОВО, РОССИЯ";-200;-200;NA;NA
"03013000682";"ГОСУДАРСТВЕННОЕ БЮДЖЕТНОЕ УЧРЕЖДЕНИЕ ЗДРАВООХРАНЕНИЯ РЕСПУБЛИКИ БАШКОРТОСТАН ГОРОДСКАЯ БОЛЬНИЦА ГОРОДА КУМЕРТАУ";"Российская Федерация, 453300, Башкортостан Респ, Кумертау г, УЛ СОВЕТСКАЯ, 39";"БАШКОРТОСТАН РЕСП СОВЕТСКАЯ УЛИЦА, Д. 39, КУМЕРТАУ, РОССИЯ";-200;-200;NA;NA
"03013000719";"ГОСУДАРСТВЕННОЕ БЮДЖЕТНОЕ УЧРЕЖДЕНИЕ ЗДРАВООХРАНЕНИЯ РЕСПУБЛИКИ БАШКОРТОСТАН ГОРОДСКАЯ ДЕТСКАЯ КЛИНИЧЕСКАЯ БОЛЬНИЦА № 17 ГОРОДА УФА";"Российская Федерация, 450065, Башкортостан Респ, Уфа г, УЛ СВОБОДЫ, 29";"БАШКОРТОСТАН РЕСП СВОБОДЫ УЛИЦА, Д. 29, УФА, РОССИЯ";-200;-200;NA;NA
"03013000721";"ГОСУДАРСТВЕННОЕ БЮДЖЕТНОЕ УЧРЕЖДЕНИЕ ЗДРАВООХРАНЕНИЯ РЕСПУБЛИКИ БАШКОРТОСТАН ПОЛИКЛИНИКА № 44 ГОРОДА УФА";"Российская Федерация, 450052, Башкортостан Респ, Уфа г, ул. Аксакова, дом № 72, -";"БАШКОРТОСТАН РЕСП АКСАКОВА УЛИЦА, Д. № 72, УФА, РОССИЯ";-200;-200;NA;NA
"03013000735";"МУНИЦИПАЛЬНОЕ БЮДЖЕТНОЕ ОБЩЕОБРАЗОВАТЕЛЬНОЕ УЧРЕЖДЕНИЕ ""СРЕДНЯЯ ОБЩЕОБРАЗОВАТЕЛЬНАЯ ШКОЛА СЕЛА КРАСНЫЙ ВОСХОД"" МУНИЦИПАЛЬНОГО РАЙОНА ИГЛИНСКИЙ РАЙОН РЕСПУБЛИКИ БАШКОРТОСТАН";"Российская Федерация, 452409, Башкортостан Респ, Иглинский р-н, Красный Восход с, УЛ ШКОЛЬНАЯ, ДОМ 1";"БАШКОРТОСТАН РЕСП, ШКОЛЬНАЯ УЛИЦА, Д. 1, КРАСНЫЙ ВОСХОД, РОССИЯ";-200;-200;NA;NA
"03013000761";"ГОСУДАРСТВЕННОЕ БЮДЖЕТНОЕ УЧРЕЖДЕНИЕ ЗДРАВООХРАНЕНИЯ РЕСПУБЛИКИ БАШКОРТОСТАН ВЕРХНЕ-ТАТЫШЛИНСКАЯ ЦЕНТРАЛЬНАЯ РАЙОННАЯ БОЛЬНИЦА";"Российская Федерация, 452830, Башкортостан Респ, Татышлинский р-н, Верхние Татышлы с, УЛ ЛЕНИНА, 39Б";"БАШКОРТОСТАН РЕСП, ЛЕНИНА УЛИЦА, Д. 39Б, ВЕРХНИЕ ТАТЫШЛЫ, РОССИЯ";-200;-200;NA;NA
"03013000787";"МУНИЦИПАЛЬНОЕ БЮДЖЕТНОЕ ДОШКОЛЬНОЕ ОБРАЗОВАТЕЛЬНОЕ УЧРЕЖДЕНИЕ ""ДЕТСКИЙ САД СЕЛА ЧУВАШ-КУБОВО"" МУНИЦИПАЛЬНОГО РАЙОНА ИГЛИНСКИЙ РАЙОН РЕСПУБЛИКИ БАШКОРТОСТАН";"Российская Федерация, 452429, Башкортостан Респ, Иглинский р-н, Чуваш-Кубово с, УЛ ПЛ.ОКТЯБРЯ, ДОМ 12";"БАШКОРТОСТАН РЕСП, ПЛ.ОКТЯБРЯ УЛИЦА, Д. 12, ЧУВАШ-КУБОВО, РОССИЯ";-200;-200;NA;NA
"03013000815";"ГОСУДАРСТВЕННОЕ БЮДЖЕТНОЕ УЧРЕЖДЕНИЕ ЗДРАВООХРАНЕНИЯ РЕСПУБЛИКИ БАШКОРТОСТАН ЧИШМИНСКАЯ ЦЕНТРАЛЬНАЯ РАЙОННАЯ БОЛЬНИЦА";"Российская Федерация, 452172, Башкортостан Респ, Чишминский р-н, Чишмы рп, УЛ РЕЧНАЯ, 2/А";"БАШКОРТОСТАН РЕСП ЧИШМЫ РП, РЕЧНАЯ УЛИЦА, Д. 2/А, РОССИЙСКАЯ ФЕДЕРАЦИЯ, 452172, БАШКОРТОСТАН РЕСП, ЧИШМИНСКИЙ Р-Н, ЧИШМЫ РП, УЛ РЕЧНАЯ, 2/А, РОССИЯ";-200;-200;NA;NA
"03013000875";"ГОСУДАРСТВЕННОЕ БЮДЖЕТНОЕ УЧРЕЖДЕНИЕ ЗДРАВООХРАНЕНИЯ РЕСПУБЛИКИ БАШКОРТОСТАН МЕЛЕУЗОВСКАЯ ЦЕНТРАЛЬНАЯ РАЙОННАЯ БОЛЬНИЦА";"Российская Федерация, 453854, Башкортостан Респ, Мелеузовский р-н, Мелеуз г, УЛ ОКТЯБРЬСКАЯ, ДОМ 78";"БАШКОРТОСТАН РЕСП, ОКТЯБРЬСКАЯ УЛИЦА, Д. 78, МЕЛЕУЗ, РОССИЯ";-200;-200;NA;NA
"03013000927";"ГОСУДАРСТВЕННОЕ БЮДЖЕТНОЕ УЧРЕЖДЕНИЕ ЗДРАВООХРАНЕНИЯ РЕСПУБЛИКИ БАШКОРТОСТАН ДЕТСКАЯ ПОЛИКЛИНИКА № 2 ГОРОДА УФА";"Российская Федерация, 450106, Башкортостан Респ, Уфа г, Дуванский бульвар, 24/1, -";"БАШКОРТОСТАН РЕСП ДУВАНСКИЙ БУЛЬВАР, Д. 24/1, УФА, РОССИЯ";-200;-200;NA;NA
"03013000973";"ГОСУДАРСТВЕННОЕ БЮДЖЕТНОЕ УЧРЕЖДЕНИЕ ЗДРАВООХРАНЕНИЯ РЕСПУБЛИКИ БАШКОРТОСТАН ШАРАНСКАЯ ЦЕНТРАЛЬНАЯ РАЙОННАЯ БОЛЬНИЦА";"Российская Федерация, 452630, Башкортостан Респ, Шаранский р-н, Шаран с, УЛ БОЛЬНИЧНАЯ, 1";"БАШКОРТОСТАН РЕСП, БОЛЬНИЧНАЯ УЛИЦА, Д. 1, ШАРАН, РОССИЯ";-200;-200;NA;NA
"03013001006";"ГОСУДАРСТВЕННОЕ БЮДЖЕТНОЕ УЧРЕЖДЕНИЕ ЗДРАВООХРАНЕНИЯ РЕСПУБЛИКИ БАШКОРТОСТАН ПОЛИКЛИНИКА № 2 ГОРОДА УФА";"Российская Федерация, 450055, Башкортостан Респ, Уфа г, УЛ РОССИЙСКАЯ, 68";"БАШКОРТОСТАН РЕСП РОССИЙСКАЯ УЛИЦА, Д. 68, УФА, РОССИЯ";-200;-200;NA;NA
"03013001083";"ГОСУДАРСТВЕННОЕ БЮДЖЕТНОЕ УЧРЕЖДЕНИЕ ЗДРАВООХРАНЕНИЯ РЕСПУБЛИКИ БАШКОРТОСТАН КАЛТАСИНСКАЯ ЦЕНТРАЛЬНАЯ РАЙОННАЯ БОЛЬНИЦА";"Российская Федерация, 452860, Башкортостан Респ, Калтасинский р-н, Калтасы с, УЛИЦА МАТРОСОВА, 30";"БАШКОРТОСТАН РЕСП, МАТРОСОВА УЛИЦА, Д. 30, КАЛТАСЫ, РОССИЯ";-200;-200;NA;NA
"03013001171";"ГОСУДАРСТВЕННОЕ БЮДЖЕТНОЕ УЧРЕЖДЕНИЕ ЗДРАВООХРАНЕНИЯ РЕСПУБЛИКИ БАШКОРТОСТАН БИЖБУЛЯКСКАЯ ЦЕНТРАЛЬНАЯ РАЙОННАЯ БОЛЬНИЦА";"Российская Федерация, 452040, Башкортостан Респ, Бижбулякский р-н, Бижбуляк с, УЛ ПУШКИНА, 17/А";"БАШКОРТОСТАН РЕСП, ПУШКИНА УЛИЦА, Д. 17/А, БИЖБУЛЯК, РОССИЯ";-200;-200;NA;NA
"03013001184";"ГОСУДАРСТВЕННОЕ БЮДЖЕТНОЕ УЧРЕЖДЕНИЕ ЗДРАВООХРАНЕНИЯ РЕСПУБЛИКИ БАШКОРТОСТАН МАЛОЯЗОВСКАЯ ЦЕНТРАЛЬНАЯ РАЙОННАЯ БОЛЬНИЦА";"Российская Федерация, 452490, Башкортостан Респ, Салаватский р-н, Малояз с, УЛИЦА 60 ЛЕТ СССР, 6";"БАШКОРТОСТАН РЕСП, 60 ЛЕТ СССР УЛИЦА, Д. 6, МАЛОЯЗ, РОССИЯ";-200;-200;NA;NA
"03013001212";"МУНИЦИПАЛЬНОЕ ОБЩЕОБРАЗОВАТЕЛЬНОЕ БЮДЖЕТНОЕ УЧРЕЖДЕНИЕ СРЕДНЯЯ ОБЩЕОБРАЗОВАТЕЛЬНАЯ ШКОЛА С. ЕРМЕКЕЕВО МУНИЦИПАЛЬНОГО РАЙОНА ЕРМЕКЕЕВСКИЙ РАЙОН РЕСПУБЛИКИ БАШКОРТОСТАН";"Российская Федерация, 452190, Башкортостан Респ, Ермекеевский р-н, Ермекеево с, УЛ ШКОЛЬНАЯ, 11";"БАШКОРТОСТАН РЕСП, ШКОЛЬНАЯ УЛИЦА, Д. 11, ЕРМЕКЕЕВО, РОССИЯ";-200;-200;NA;NA
"03013001215";"ГОСУДАРСТВЕННОЕ БЮДЖЕТНОЕ УЧРЕЖДЕНИЕ ЗДРАВООХРАНЕНИЯ РЕСПУБЛИКИ БАШКОРТОСТАН БЛАГОВЕЩЕНСКАЯ ЦЕНТРАЛЬНАЯ РАЙОННАЯ БОЛЬНИЦА";"Российская Федерация, 453431, Башкортостан Респ, Благовещенский р-н, Благовещенск г, УЛИЦА КОМАРОВА, 2/-, -";"БАШКОРТОСТАН РЕСП, КОМАРОВА УЛИЦА, Д. 2/-, БЛАГОВЕЩЕНСК, РОССИЯ";-200;-200;NA;NA
"03013001244";"ГОСУДАРСТВЕННОЕ БЮДЖЕТНОЕ УЧРЕЖДЕНИЕ ЗДРАВООХРАНЕНИЯ РЕСПУБЛИКИ БАШКОРТОСТАН БУЗДЯКСКАЯ ЦЕНТРАЛЬНАЯ РАЙОННАЯ БОЛЬНИЦА";"Российская Федерация, 452710, Башкортостан Респ, Буздякский р-н, Буздяк с, УЛ В.АХМАДЕЕВА, ДОМ 31";"БАШКОРТОСТАН РЕСП, В.АХМАДЕЕВА УЛИЦА, Д. 31, БУЗДЯК, РОССИЯ";-200;-200;NA;NA
"03013001254";"ГОСУДАРСТВЕННОЕ БЮДЖЕТНОЕ УЧРЕЖДЕНИЕ ЗДРАВООХРАНЕНИЯ РЕСПУБЛИКИ БАШКОРТОСТАН СТОМАТОЛОГИЧЕСКАЯ ПОЛИКЛИНИКА № 1 ГОРОДА УФА";"450038, Респ Башкортостан, г Уфа, ул Машиностроителей, дом 13, офис (квартира) 1";"РЕСП БАШКОРТОСТАН, Г УФА, МАШИНОСТРОИТЕЛЕЙ УЛИЦА, Д. 13, 450038, РЕСП БАШКОРТОСТАН, Г УФА, УЛ МАШИНОСТРОИТЕЛЕЙ, ДОМ 13, ОФИС (КВАРТИРА) 1, РОССИЯ";-200;-200;NA;NA
"03013001258";"ГОСУДАРСТВЕННОЕ БЮДЖЕТНОЕ УЧРЕЖДЕНИЕ ЗДРАВООХРАНЕНИЯ РЕСПУБЛИКИ БАШКОРТОСТАН ДЕТСКАЯ ПОЛИКЛИНИКА № 5 ГОРОДА УФА";"Российская Федерация, 450099, Башкортостан Респ, Уфа г, УЛИЦА МАРШАЛА ЖУКОВА, 17";"БАШКОРТОСТАН РЕСП МАРШАЛА ЖУКОВА УЛИЦА, Д. 17, УФА, РОССИЯ";-200;-200;NA;NA
"03013001649";"ГОСУДАРСТВЕННОЕ БЮДЖЕТНОЕ УЧРЕЖДЕНИЕ ЗДРАВООХРАНЕНИЯ РЕСПУБЛИКИ БАШКОРТОСТАН БОЛЬШЕУСТЬИКИНСКАЯ ЦЕНТРАЛЬНАЯ РАЙОННАЯ БОЛЬНИЦА";"Российская Федерация, 452550, Башкортостан Респ, Мечетлинский р-н, Большеустьикинское с, УЛ ШКОЛЬНАЯ, 2";"БАШКОРТОСТАН РЕСП, ШКОЛЬНАЯ УЛИЦА, Д. 2, БОЛЬШЕУСТЬИКИНСКОЕ, РОССИЯ";-200;-200;NA;NA
"03013001715";"ГОСУДАРСТВЕННОЕ БЮДЖЕТНОЕ УЧРЕЖДЕНИЕ ЗДРАВООХРАНЕНИЯ РЕСПУБЛИКИ БАШКОРТОСТАН БИРСКАЯ СТОМАТОЛОГИЧЕСКАЯ ПОЛИКЛИНИКА";"Российская Федерация, 452455, Башкортостан Респ, Бирский р-н, Бирск г, УЛ ИНТЕРНАЦИОНАЛЬНАЯ, 120/Б";"БАШКОРТОСТАН РЕСП, ИНТЕРНАЦИОНАЛЬНАЯ УЛИЦА, Д. 120/Б, БИРСК, РОССИЯ";-200;-200;NA;NA
"03013001750";"ГОСУДАРСТВЕННОЕ БЮДЖЕТНОЕ УЧРЕЖДЕНИЕ ЗДРАВООХРАНЕНИЯ РЕСПУБЛИКИ БАШКОРТОСТАН КАРМАСКАЛИНСКАЯ ЦЕНТРАЛЬНАЯ РАЙОННАЯ БОЛЬНИЦА";"Российская Федерация, 453020, Башкортостан Респ, Кармаскалинский р-н, Кармаскалы с, УЛИЦА ЧЕХОВА, 9";"БАШКОРТОСТАН РЕСП, ЧЕХОВА УЛИЦА, Д. 9, КАРМАСКАЛЫ, РОССИЯ";-200;-200;NA;NA
"03013001851";"ГОСУДАРСТВЕННОЕ БЮДЖЕТНОЕ УЧРЕЖДЕНИЕ ЗДРАВООХРАНЕНИЯ РЕСПУБЛИКИ БАШКОРТОСТАН БАКАЛИНСКАЯ ЦЕНТРАЛЬНАЯ РАЙОННАЯ БОЛЬНИЦА";"Российская Федерация, 452650, Башкортостан Респ, Бакалинский р-н, Бакалы с, УЛИЦА ШАКИРЬЯНОВА, ДОМ 2";"БАШКОРТОСТАН РЕСП, ШАКИРЬЯНОВА УЛИЦА, Д. 2, БАКАЛЫ, РОССИЯ";-200;-200;NA;NA
"03013002080";"ГОСУДАРСТВЕННОЕ БЮДЖЕТНОЕ УЧРЕЖДЕНИЕ ЗДРАВООХРАНЕНИЯ РЕСПУБЛИКИ БАШКОРТОСТАН ГОРОДСКАЯ КЛИНИЧЕСКАЯ БОЛЬНИЦА № 10 ГОРОДА УФА";"Российская Федерация, 450112, Башкортостан Респ, Уфа г, УЛ КОЛЬЦЕВАЯ, 47";"БАШКОРТОСТАН РЕСП КОЛЬЦЕВАЯ УЛИЦА, Д. 47, УФА, РОССИЯ";-200;-200;NA;NA
"03013002222";"ГОСУДАРСТВЕННОЕ БЮДЖЕТНОЕ УЧРЕЖДЕНИЕ ЗДРАВООХРАНЕНИЯ РЕСПУБЛИКИ БАШКОРТОСТАН ЧЕКМАГУШЕВСКАЯ ЦЕНТРАЛЬНАЯ РАЙОННАЯ БОЛЬНИЦА";"Российская Федерация, 452200, Башкортостан Респ, Чекмагуш с, УЛ ТРАКТОРНАЯ, 16";"БАШКОРТОСТАН РЕСП ТРАКТОРНАЯ УЛИЦА, Д. 16, ЧЕКМАГУШ, РОССИЯ";-200;-200;NA;NA
"03013002300";"МУНИЦИПАЛЬНОЕ БЮДЖЕТНОЕ УЧРЕЖДЕНИЕ ЦЕНТРАЛИЗОВАННАЯ КЛУБНАЯ СИСТЕМА РАЙОННЫЙ ДВОРЕЦ КУЛЬТУРЫ МУНИЦИПАЛЬНОГО РАЙОНА КУГАРЧИНСКИЙ РАЙОН РЕСПУБЛИКИ БАШКОРТОСТАН";"Российская Федерация, 453330, Башкортостан Респ, Кугарчинский р-н, Мраково с, УЛИЦА З.БИИШЕВОЙ, 80";"БАШКОРТОСТАН РЕСП, З.БИИШЕВОЙ УЛИЦА, Д. 80, МРАКОВО, РОССИЯ";-200;-200;NA;NA
"03013002341";"ГОСУДАРСТВЕННОЕ БЮДЖЕТНОЕ УЧРЕЖДЕНИЕ ЗДРАВООХРАНЕНИЯ РЕСПУБЛИКИ БАШКОРТОСТАН МИШКИНСКАЯ ЦЕНТРАЛЬНАЯ РАЙОННАЯ БОЛЬНИЦА";"Российская Федерация, 452340, Башкортостан Респ, Мишкино с, Матросова, д. 66";"БАШКОРТОСТАН РЕСП МАТРОСОВА, Д. 66, МИШКИНО, РОССИЯ";-200;-200;NA;NA
"03013002391";"ГОСУДАРСТВЕННОЕ БЮДЖЕТНОЕ УЧРЕЖДЕНИЕ ЗДРАВООХРАНЕНИЯ РЕСПУБЛИКИ БАШКОРТОСТАН ГОРОДСКАЯ КЛИНИЧЕСКАЯ БОЛЬНИЦА ДЕМСКОГО РАЙОНА ГОРОДА УФЫ";"Российская Федерация, 450095, Башкортостан Респ, Уфа г, УЛ ДАГЕСТАНСКАЯ, ДОМ 13/КОРПУС А";"БАШКОРТОСТАН РЕСП ДАГЕСТАНСКАЯ УЛИЦА, Д. 13/КОРПУС А, УФА, РОССИЯ";-200;-200;NA;NA
"03013002400";"МУНИЦИПАЛЬНОЕ БЮДЖЕТНОЕ УЧРЕЖДЕНИЕ АГЕНТСТВО РАЗВИТИЯ МОЛОДЕЖНЫХ ИНИЦИАТИВ ГОРОДСКОГО ОКРУГА ГОРОД КУМЕРТАУ РЕСПУБЛИКИ БАШКОРТОСТАН";"Российская Федерация, 453301, Башкортостан Респ, Кумертау г, УЛИЦА ШАХТОСТРОИТЕЛЬНАЯ, ДОМ 14/КОРПУС А";"БАШКОРТОСТАН РЕСП ШАХТОСТРОИТЕЛЬНАЯ УЛИЦА, Д. 14/КОРПУС А, КУМЕРТАУ, РОССИЯ";-200;-200;NA;NA
"03013002476";"МУНИЦИПАЛЬНОЕ КАЗЕННОЕ УЧРЕЖДЕНИЕ ""ЦЕНТР ОРГАНИЗАЦИИ И ПРОВЕДЕНИЯ КОНКУРСНЫХ ПРОЦЕДУР"" ГОРОДСКОГО ОКРУГА ГОРОД УФА РЕСПУБЛИКИ БАШКОРТОСТАН";"Российская Федерация, 450001, Башкортостан Респ, Уфа г, УЛ БЕССОНОВА, 2А";"БАШКОРТОСТАН РЕСП БЕССОНОВА УЛИЦА, Д. 2А, УФА, РОССИЯ";-200;-200;NA;NA
"03013002523";"ГОСУДАРСТВЕННОЕ БЮДЖЕТНОЕ УЧРЕЖДЕНИЕ ЗДРАВООХРАНЕНИЯ РЕСПУБЛИКИ БАШКОРТОСТАН БУРАЕВСКАЯ ЦЕНТРАЛЬНАЯ РАЙОННАЯ БОЛЬНИЦА";"Российская Федерация, 452960, Башкортостан Респ, Бураевский р-н, Бураево с, УЛ ЧКАЛОВА, 1";"БАШКОРТОСТАН РЕСП, ЧКАЛОВА УЛИЦА, Д. 1, БУРАЕВО, РОССИЯ";-200;-200;NA;NA
"03013002534";"МУНИЦИПАЛЬНОЕ БЮДЖЕТНОЕ ОБЩЕОБРАЗОВАТЕЛЬНОЕ УЧРЕЖДЕНИЕ ОСНОВНАЯ ОБЩЕОБРАЗОВАТЕЛЬНАЯ ШКОЛА ИМЕНИ ГЕРОЯ СОВЕТСКОГО СОЮЗА В.Ф.ТАРАСЕНКО Д. ШАРОВКА МУНИЦИПАЛЬНОГО РАЙОНА БЕЛЕБЕЕВСКИЙ РАЙОН РЕСПУБЛИКИ БАШКОРТОСТАН";"Российская Федерация, 452030, Башкортостан Респ, Белебеевский р-н, Шаровка д, УЛ ШКОЛЬНАЯ, 1";"БАШКОРТОСТАН РЕСП ШАРОВКА Д, ШКОЛЬНАЯ УЛИЦА, Д. 1, РОССИЙСКАЯ ФЕДЕРАЦИЯ, 452030, БАШКОРТОСТАН РЕСП, БЕЛЕБЕЕВСКИЙ Р-Н, ШАРОВКА Д, УЛ ШКОЛЬНАЯ, 1, РОССИЯ";-200;-200;NA;NA
"03013002610";"ГОСУДАРСТВЕННОЕ БЮДЖЕТНОЕ УЧРЕЖДЕНИЕ ЗДРАВООХРАНЕНИЯ РЕСПУБЛИКИ БАШКОРТОСТАН СТОМАТОЛОГИЧЕСКАЯ ПОЛИКЛИНИКА № 4 ГОРОДА УФА";"Российская Федерация, 450071, Башкортостан Респ, Уфа г, УЛ 50 ЛЕТ СССР, 45/А";"БАШКОРТОСТАН РЕСП 50 ЛЕТ СССР УЛИЦА, Д. 45/А, УФА, РОССИЯ";-200;-200;NA;NA
"03013002640";"ГОСУДАРСТВЕННОЕ БЮДЖЕТНОЕ УЧРЕЖДЕНИЕ ЗДРАВООХРАНЕНИЯ РЕСПУБЛИКИ БАШКОРТОСТАН БИРСКАЯ ЦЕНТРАЛЬНАЯ РАЙОННАЯ БОЛЬНИЦА";"Российская Федерация, 452450, Башкортостан Респ, Бирский р-н, Бирск г, УЛИЦА КОММУНИСТИЧЕСКАЯ, 120";"БАШКОРТОСТАН РЕСП, КОММУНИСТИЧЕСКАЯ УЛИЦА, Д. 120, БИРСК, РОССИЯ";-200;-200;NA;NA
"03013002711";"МУНИЦИПАЛЬНОЕ БЮДЖЕТНОЕ ОБЩЕОБРАЗОВАТЕЛЬНОЕ УЧРЕЖДЕНИЕ ЧУВАШСКАЯ ГИМНАЗИЯ Г.БЕЛЕБЕЯ МУНИЦИПАЛЬНОГО РАЙОНА БЕЛЕБЕЕВСКИЙ РАЙОН РЕСПУБЛИКИ БАШКОРТОСТАН";"Российская Федерация, 452000, Башкортостан Респ, Белебеевский р-н, Белебей г, УЛ ВОСТОЧНАЯ, ДОМ 69";"БАШКОРТОСТАН РЕСП, ВОСТОЧНАЯ УЛИЦА, Д. 69, БЕЛЕБЕЙ, РОССИЯ";-200;-200;NA;NA
"03013002755";"ГОСУДАРСТВЕННОЕ БЮДЖЕТНОЕ УЧРЕЖДЕНИЕ ЗДРАВООХРАНЕНИЯ РЕСПУБЛИКИ БАШКОРТОСТАН ПОЛИКЛИНИКА № 32 ГОРОДА УФА";"Российская Федерация, 450065, Башкортостан Респ, Уфа г, УЛИЦА БОГДАНА ХМЕЛЬНИЦКОГО, 88";"БАШКОРТОСТАН РЕСП БОГДАНА ХМЕЛЬНИЦКОГО УЛИЦА, Д. 88, УФА, РОССИЯ";-200;-200;NA;NA
"03013002761";"МУНИЦИПАЛЬНОЕ КАЗЕННОЕ УЧРЕЖДЕНИЕ ОТДЕЛ ОБРАЗОВАНИЯ АДМИНИСТРАЦИИ МУНИЦИПАЛЬНОГО РАЙОНА БУРАЕВСКИЙ РАЙОН РЕСПУБЛИКИ БАШКОРТОСТАН";"Российская Федерация, 452960, Башкортостан Респ, Бураевский р-н, Бураево с, УЛИЦА М.ГОРЬКОГО, 53";"БАШКОРТОСТАН РЕСП, М.ГОРЬКОГО УЛИЦА, Д. 53, БУРАЕВО, РОССИЯ";-200;-200;NA;NA
"03013002775";"МУНИЦИПАЛЬНОЕ БЮДЖЕТНОЕ ОБЩЕОБРАЗОВАТЕЛЬНОЕ УЧРЕЖДЕНИЕ СРЕДНЯЯ ОБЩЕОБРАЗОВАТЕЛЬНАЯ ШКОЛА № 2 С. МИШКИНО МУНИЦИПАЛЬНОГО РАЙОНА МИШКИНСКИЙ РАЙОН РЕСПУБЛИКИ БАШКОРТОСТАН";"Российская Федерация, 452340, Башкортостан Респ, Мишкинский р-н, Мишкино с, УЛ МИРА, 46";"БАШКОРТОСТАН РЕСП, МИРА УЛИЦА, Д. 46, МИШКИНО, РОССИЯ";-200;-200;NA;NA
"03013002793";"ГОСУДАРСТВЕННОЕ БЮДЖЕТНОЕ УЧРЕЖДЕНИЕ ЗДРАВООХРАНЕНИЯ РЕСПУБЛИКИ БАШКОРТОСТАН ЯЗЫКОВСКАЯ ЦЕНТРАЛЬНАЯ РАЙОННАЯ БОЛЬНИЦА";"Российская Федерация, 452740, Башкортостан Респ, Благоварский р-н, Языково с, УЛ ЛЕНИНА, 47";"БАШКОРТОСТАН РЕСП, ЛЕНИНА УЛИЦА, Д. 47, ЯЗЫКОВО, РОССИЯ";-200;-200;NA;NA
"03013002807";"ГОСУДАРСТВЕННОЕ БЮДЖЕТНОЕ УЧРЕЖДЕНИЕ ЗДРАВООХРАНЕНИЯ РЕСПУБЛИКИ БАШКОРТОСТАН ГОРОДСКАЯ БОЛЬНИЦА №1 ГОРОДА ОКТЯБРЬСКИЙ";"Российская Федерация, 452616, Башкортостан Респ, Октябрьский г, УЛ КУВЫКИНА, 30";"БАШКОРТОСТАН РЕСП КУВЫКИНА УЛИЦА, Д. 30, ОКТЯБРЬСКИЙ, РОССИЯ";-200;-200;NA;NA
"03013002833";"ГОСУДАРСТВЕННОЕ БЮДЖЕТНОЕ УЧРЕЖДЕНИЕ ЗДРАВООХРАНЕНИЯ РЕСПУБЛИКИ БАШКОРТОСТАН ДЕТСКАЯ ПОЛИКЛИНИКА № 3 ГОРОДА УФА";"Российская Федерация, 450015, Башкортостан Респ, Уфа г, УЛ КАРЛА МАРКСА, 71";"БАШКОРТОСТАН РЕСП КАРЛА МАРКСА УЛИЦА, Д. 71, УФА, РОССИЯ";-200;-200;NA;NA
"03013002990";"ГОСУДАРСТВЕННОЕ БЮДЖЕТНОЕ УЧРЕЖДЕНИЕ ЗДРАВООХРАНЕНИЯ РЕСПУБЛИКИ БАШКОРТОСТАН АСКАРОВСКАЯ ЦЕНТРАЛЬНАЯ РАЙОННАЯ БОЛЬНИЦА";"Российская Федерация, 453620, Башкортостан Респ, Абзелиловский р-н, Аскарово с, УЛИЦА КОММУНИСТИЧЕСКАЯ, ДОМ 22";"БАШКОРТОСТАН РЕСП, КОММУНИСТИЧЕСКАЯ УЛИЦА, Д. 22, АСКАРОВО, РОССИЯ";-200;-200;NA;NA
"03013003154";"ГОСУДАРСТВЕННОЕ БЮДЖЕТНОЕ УЧРЕЖДЕНИЕ ЗДРАВООХРАНЕНИЯ РЕСПУБЛИКИ БАШКОРТОСТАН ДЮРТЮЛИНСКАЯ ЦЕНТРАЛЬНАЯ РАЙОННАЯ БОЛЬНИЦА";"Российская Федерация, 452320, Башкортостан Респ, Дюртюлинский р-н, Дюртюли г, УЛИЦА ЛЕНИНА, 27";"БАШКОРТОСТАН РЕСП, ЛЕНИНА УЛИЦА, Д. 27, ДЮРТЮЛИ, РОССИЯ";-200;-200;NA;NA
"03013003172";"МУНИЦИПАЛЬНОЕ КАЗЕННОЕ УЧРЕЖДЕНИЕ ОТДЕЛ ОБРАЗОВАНИЯ АДМИНИСТРАЦИИ МУНИЦИПАЛЬНОГО РАЙОНА АЛЬШЕЕВСКИЙ РАЙОН РЕСПУБЛИКИ БАШКОРТОСТАН";"Российская Федерация, 452120, Башкортостан Респ, Альшеевский р-н, Раевский с, УЛИЦА СЕЛЬКОРА, 7";"БАШКОРТОСТАН РЕСП, СЕЛЬКОРА УЛИЦА, Д. 7, РАЕВСКИЙ, РОССИЯ";-200;-200;NA;NA
"03013003214";"МУНИЦИПАЛЬНОЕ БЮДЖЕТНОЕ ОБЩЕОБРАЗОВАТЕЛЬНОЕ УЧРЕЖДЕНИЕ ЛИЦЕЙ №1 ИМ. ФЛОРИДА БУЛЯКОВА С.МИШКИНО МУНИЦИПАЛЬНОГО РАЙОНА МИШКИНСКИЙ РАЙОН РЕСПУБЛИКИ БАШКОРТОСТАН";"Российская Федерация, 452340, Башкортостан Респ, Мишкинский р-н, Мишкино с, УЛ ДРУЖБЫ, 26";"БАШКОРТОСТАН РЕСП, ДРУЖБЫ УЛИЦА, Д. 26, МИШКИНО, РОССИЯ";-200;-200;NA;NA
"03013003230";"ГОСУДАРСТВЕННОЕ БЮДЖЕТНОЕ УЧРЕЖДЕНИЕ ЗДРАВООХРАНЕНИЯ РЕСПУБЛИКИ БАШКОРТОСТАН СТОМАТОЛОГИЧЕСКАЯ ПОЛИКЛИНИКА № 2 ГОРОДА УФА";"Российская Федерация, 450075, Башкортостан Респ, Уфа г, ПРОСПЕКТ ОКТЯБРЯ, 105/3, -------------";"БАШКОРТОСТАН РЕСППРОСПЕКТСПЕКТ ОКТЯБРЯ, 105/3, Д. -------------, УФА, РОССИЯ";-200;-200;NA;NA
"03013003262";"МУНИЦИПАЛЬНОЕ КАЗЕННОЕ УЧРЕЖДЕНИЕ РАЙОННЫЙ ОТДЕЛ ОБРАЗОВАНИЯ АДМИНИСТРАЦИИ МУНИЦИПАЛЬНОГО РАЙОНА БУРЗЯНСКИЙ РАЙОН РЕСПУБЛИКИ БАШКОРТОСТАН";"Российская Федерация, 453580, Башкортостан Респ, Бурзянский р-н, Старосубхангулово с, УЛИЦА ЛЕНИНА, 98";"БАШКОРТОСТАН РЕСП, ЛЕНИНА УЛИЦА, Д. 98, СТАРОСУБХАНГУЛОВО, РОССИЯ";-200;-200;NA;NA
"03013003273";"МУНИЦИПАЛЬНОЕ ОБЩЕОБРАЗОВАТЕЛЬНОЕ БЮДЖЕТНОЕ УЧРЕЖДЕНИЕ СРЕДНЯЯ ОБЩЕОБРАЗОВАТЕЛЬНАЯ ШКОЛА С. СТАРОСУБХАНГУЛОВО МУНИЦИПАЛЬНОГО РАЙОНА БУРЗЯНСКИЙ РАЙОН РЕСПУБЛИКИ БАШКОРТОСТАН";"Российская Федерация, 453580, Башкортостан Респ, Бурзянский р-н, Старосубхангулово с, УЛИЦА ЛЕНИНА, ДОМ 53";"БАШКОРТОСТАН РЕСП, ЛЕНИНА УЛИЦА, Д. 53, СТАРОСУБХАНГУЛОВО, РОССИЯ";-200;-200;NA;NA
"03013003329";"МУНИЦИПАЛЬНОЕ КАЗЕННОЕ УЧРЕЖДЕНИЕ ""ОТДЕЛ ОБРАЗОВАНИЯ АДМИНИСТРАЦИИ МУНИЦИПАЛЬНОГО РАЙОНА ЗИАНЧУРИНСКИЙ РАЙОН РЕСПУБЛИКИ БАШКОРТОСТАН""";"Российская Федерация, 453380, Башкортостан Респ, Зианчуринский р-н, Исянгулово с, УЛИЦА СОВЕТСКАЯ, 18";"БАШКОРТОСТАН РЕСП, СОВЕТСКАЯ УЛИЦА, Д. 18, ИСЯНГУЛОВО, РОССИЯ";-200;-200;NA;NA
"03013003356";"ГОСУДАРСТВЕННОЕ БЮДЖЕТНОЕ УЧРЕЖДЕНИЕ ЗДРАВООХРАНЕНИЯ РЕСПУБЛИКИ БАШКОРТОСТАН БЕЛОРЕЦКАЯ ЦЕНТРАЛЬНАЯ РАЙОННАЯ КЛИНИЧЕСКАЯ БОЛЬНИЦА";"Российская Федерация, 453500, Башкортостан Респ, Белорецкий р-н, Белорецк г, Ленина, 65, -";"БАШКОРТОСТАН РЕСП, ЛЕНИНА УЛИЦА, Д. 65, БЕЛОРЕЦК, РОССИЯ";-200;-200;NA;NA
"03013003397";"МУНИЦИПАЛЬНОЕ БЮДЖЕТНОЕ ОБЩЕОБРАЗОВАТЕЛЬНОЕ УЧРЕЖДЕНИЕ СРЕДНЯЯ ОБЩЕОБРАЗОВАТЕЛЬНАЯ ШКОЛА ИМ. А. ИСКАНДАРОВА Д. ИРСАЕВО МУНИЦИПАЛЬНОГО РАЙОНА МИШКИНСКИЙ РАЙОН РЕСПУБЛИКИ БАШКОРТОСТАН";"Российская Федерация, 452344, Башкортостан Респ, Мишкинский р-н, Ирсаево д, УЛ ШКОЛЬНАЯ, 6";"БАШКОРТОСТАН РЕСП ИРСАЕВО Д, ШКОЛЬНАЯ УЛИЦА, Д. 6, РОССИЙСКАЯ ФЕДЕРАЦИЯ, 452344, БАШКОРТОСТАН РЕСП, МИШКИНСКИЙ Р-Н, ИРСАЕВО Д, УЛ ШКОЛЬНАЯ, 6, РОССИЯ";-200;-200;NA;NA
"03013003545";"ГОСУДАРСТВЕННОЕ БЮДЖЕТНОЕ УЧРЕЖДЕНИЕ ЗДРАВООХРАНЕНИЯ РЕСПУБЛИКИ БАШКОРТОСТАН КУШНАРЕНКОВСКАЯ ЦЕНТРАЛЬНАЯ РАЙОННАЯ БОЛЬНИЦА";"Российская Федерация, 452231, Башкортостан Респ, Кушнаренковский р-н, Кушнаренково с, УЛ ГОРНАЯ, ДОМ 2";"БАШКОРТОСТАН РЕСП, ГОРНАЯ УЛИЦА, Д. 2, КУШНАРЕНКОВО, РОССИЯ";-200;-200;NA;NA
"03013003679";"МУНИЦИПАЛЬНОЕ УЧРЕЖДЕНИЕ ОТДЕЛ ОБРАЗОВАНИЯ АДМИНИСТРАЦИИ МУНИЦИПАЛЬНОГО РАЙОНА СТЕРЛИТАМАКСКИЙ РАЙОН РЕСПУБЛИКИ БАШКОРТОСТАН";"Российская Федерация, 453140, Башкортостан Респ, Стерлитамакский р-н, Новая Отрадовка с, Школьная, 6, ";"БАШКОРТОСТАН РЕСП, ШКОЛЬНАЯ, Д. 6, НОВАЯ ОТРАДОВКА, РОССИЯ";-200;-200;NA;NA
"03013003800";"ГОСУДАРСТВЕННОЕ БЮДЖЕТНОЕ УЧРЕЖДЕНИЕ ЗДРАВООХРАНЕНИЯ РЕСПУБЛИКИ БАШКОРТОСТАН ГОРОДСКАЯ БОЛЬНИЦА ГОРОДА САЛАВАТ";"Российская Федерация, 453250, Башкортостан Респ, Салават г, УЛИЦА ГУБКИНА, 21/А";"БАШКОРТОСТАН РЕСП ГУБКИНА УЛИЦА, Д. 21/А, САЛАВАТ, РОССИЯ";-200;-200;NA;NA
"03013003948";"МУНИЦИПАЛЬНОЕ БЮДЖЕТНОЕ ДОШКОЛЬНОЕ ОБРАЗОВАТЕЛЬНОЕ УЧРЕЖДЕНИЕ ДЕТСКИЙ САД №2 ""ВАСИЛЕК"" С.МИШКИНО МУНИЦИПАЛЬНОГО РАЙОНА МИШКИНСКИЙ РАЙОН РЕСПУБЛИКИ БАШКОРТОСТАН";"Российская Федерация, 452340, Башкортостан Респ, Мишкинский р-н, Мишкино с, УЛ ПИОНЕРСКАЯ, 89";"БАШКОРТОСТАН РЕСП, ПИОНЕРСКАЯ УЛИЦА, Д. 89, МИШКИНО, РОССИЯ";-200;-200;NA;NA
"03013004032";"АДМИНИСТРАЦИЯ МУНИЦИПАЛЬНОГО РАЙОНА ЗИЛАИРСКИЙ РАЙОН РЕСПУБЛИКИ БАШКОРТОСТАН";"Российская Федерация, 453680, Башкортостан Респ, Зилаирский р-н, Зилаир с, УЛ ЛЕНИНА, 70";"БАШКОРТОСТАН РЕСП, ЛЕНИНА УЛИЦА, Д. 70, ЗИЛАИР, РОССИЯ";-200;-200;NA;NA
"03013004106";"ГОСУДАРСТВЕННОЕ БЮДЖЕТНОЕ УЧРЕЖДЕНИЕ ЗДРАВООХРАНЕНИЯ РЕСПУБЛИКИ БАШКОРТОСТАН БАЛТАЧЕВСКАЯ ЦЕНТРАЛЬНАЯ РАЙОННАЯ БОЛЬНИЦА";"Российская Федерация, 452980, Башкортостан Респ, Балтачевский р-н, Старобалтачево с, УЛИЦА КОМСОМОЛЬСКАЯ, ДОМ 23";"БАШКОРТОСТАН РЕСП, КОМСОМОЛЬСКАЯ УЛИЦА, Д. 23, СТАРОБАЛТАЧЕВО, РОССИЯ";-200;-200;NA;NA
"03013004519";"МУНИЦИПАЛЬНОЕ КАЗЕННОЕ УЧРЕЖДЕНИЕ ""УПРАВЛЕНИЕ МУНИЦИПАЛЬНЫМИ ЗАКАЗАМИ"" МУНИЦИПАЛЬНОГО РАЙОНА ЯНАУЛЬСКИЙ РАЙОН РЕСПУБЛИКИ БАШКОРТОСТАН";"Российская Федерация, 452800, Башкортостан Респ, Янаульский р-н, Янаул г, УЛ СОВЕТСКАЯ, ДОМ 21";"БАШКОРТОСТАН РЕСП, СОВЕТСКАЯ УЛИЦА, Д. 21, ЯНАУЛ, РОССИЯ";-200;-200;NA;NA
"03013004710";"МУНИЦИПАЛЬНОЕ КАЗЕННОЕ УЧРЕЖДЕНИЕ ""УПРАВЛЕНИЕ ЗАКАЗАМИ""";"Российская Федерация, 453630, Башкортостан Респ, Баймакский р-н, Баймак г, ПР-КТ С.ЮЛАЕВА, 36, 302";"БАШКОРТОСТАН РЕСП,ПРОСПЕКТСПЕКТ С.ЮЛАЕВА, Д. 36, БАЙМАК, РОССИЯ";-200;-200;NA;NA
"03013004771";"МУНИЦИПАЛЬНОЕ БЮДЖЕТНОЕ ДОШКОЛЬНОЕ ОБРАЗОВАТЕЛЬНОЕ УЧРЕЖДЕНИЕ ""ДЕТСКИЙ САД СЕЛА АЛАТОРКА"" МУНИЦИПАЛЬНОГО РАЙОНА ИГЛИНСКИЙ РАЙОН РЕСПУБЛИКИ БАШКОРТОСТАН";"Российская Федерация, 452419, Башкортостан Респ, Иглинский р-н, Алаторка с, УЛ ИНТЕРНАЦИОНАЛЬНАЯ, ДОМ 14";"БАШКОРТОСТАН РЕСП, ИНТЕРНАЦИОНАЛЬНАЯ УЛИЦА, Д. 14, АЛАТОРКА, РОССИЯ";-200;-200;NA;NA
"03013004809";"МУНИЦИПАЛЬНОЕ БЮДЖЕТНОЕ ДОШКОЛЬНОЕ ОБРАЗОВАТЕЛЬНОЕ УЧРЕЖДЕНИЕ ДЕТСКИЙ САД КОМБИНИРОВАННОГО ВИДА №1 ""СОЛНЫШКО"" С. МИШКИНО МУНИЦИПАЛЬНОГО РАЙОНА МИШКИНСКИЙ РАЙОН РЕСПУБЛИКИ БАШКОРТОСТАН";"Российская Федерация, 452340, Башкортостан Респ, Мишкинский р-н, Мишкино с, УЛ СПОРТИВНАЯ, 11";"БАШКОРТОСТАН РЕСП, СПОИВНАЯ УЛИЦА, Д. 11, МИШКИНО, РОССИЯ";-200;-200;NA;NA
"03013004818";"МУНИЦИПАЛЬНОЕ БЮДЖЕТНОЕ ДОШКОЛЬНОЕ ОБРАЗОВАТЕЛЬНОЕ УЧРЕЖДЕНИЕ ДЕТСКИЙ САД ОБЩЕРАЗВИВАЮЩЕГО ВИДА № 4 ""РОДНИЧОК"" С. МИШКИНО МУНИЦИПАЛЬНОГО РАЙОНА МИШКИНСКИЙ РАЙОН РЕСПУБЛИКИ БАШКОРТОСТАН";"Российская Федерация, 452340, Башкортостан Респ, Мишкинский р-н, Мишкино с, УЛ МИРА, 74";"БАШКОРТОСТАН РЕСП, МИРА УЛИЦА, Д. 74, МИШКИНО, РОССИЯ";-200;-200;NA;NA
"03013004826";"МУНИЦИПАЛЬНОЕ БЮДЖЕТНОЕ ДОШКОЛЬНОЕ ОБРАЗОВАТЕЛЬНОЕ УЧРЕЖДЕНИЕ ДЕТСКИЙ САД № 3 ""ЛАСТОЧКА"" С.МИШКИНО МУНИЦИПАЛЬНОГО РАЙОНА МИШКИНСКИЙ РАЙОН РЕСПУБЛИКИ БАШКОРТОСТАН";"Российская Федерация, 452340, Башкортостан Респ, Мишкинский р-н, Мишкино с, УЛ ДРУЖБЫ, 31";"БАШКОРТОСТАН РЕСП, ДРУЖБЫ УЛИЦА, Д. 31, МИШКИНО, РОССИЯ";-200;-200;NA;NA
"03013005066";"МУНИЦИПАЛЬНОЕ БЮДЖЕТНОЕ УЧРЕЖДЕНИЕ ""УПРАВЛЕНИЕ ПО СОДЕРЖАНИЮ И БЛАГОУСТРОЙСТВУ"" ГОРОДСКОГО ПОСЕЛЕНИЯ ГОРОД БЛАГОВЕЩЕНСК МУНИЦИПАЛЬНОГО РАЙОНА БЛАГОВЕЩЕНСКИЙ РАЙОН РЕСПУБЛИКИ БАШКОРТОСТАН";"Российская Федерация, 453430, Башкортостан Респ, Благовещенск г, ул Луговая, 1/1";"БАШКОРТОСТАН РЕСП ЛУГОВАЯ УЛИЦА, Д. 1/1, БЛАГОВЕЩЕНСК, РОССИЯ";-200;-200;NA;NA
"03015000001";"ГОСУДАРСТВЕННОЕ БЮДЖЕТНОЕ УЧРЕЖДЕНИЕ БАШКИРСКИЙ НАУЧНО-ИССЛЕДОВАТЕЛЬСКИЙ ЦЕНТР ПО ПЧЕЛОВОДСТВУ И АПИТЕРАПИИ";"Российская Федерация, 450071, Башкортостан Респ, Уфа г, УЛ МЕНДЕЛЕЕВА, ДОМ 217/КОРПУС А";"БАШКОРТОСТАН РЕСП МЕНДЕЛЕЕВА УЛИЦА, Д. 217/КОРПУС А, УФА, РОССИЯ";-200;-200;NA;NA
"03015000003";"ГОСУДАРСТВЕННОЕ БЮДЖЕТНОЕ УЧРЕЖДЕНИЕ СПОРТИВНАЯ ШКОЛА ОЛИМПИЙСКОГО РЕЗЕРВА ПО БИАТЛОНУ РЕСПУБЛИКИ БАШКОРТОСТАН";"Российская Федерация, 450044, Башкортостан Респ, Уфа г, УЛИЦА КОМАРОВА, ДОМ 1";"БАШКОРТОСТАН РЕСП КОМАРОВА УЛИЦА, Д. 1, УФА, РОССИЯ";-200;-200;NA;NA
"03015000007";"ГОСУДАРСТВЕННОЕ БЮДЖЕТНОЕ УЧРЕЖДЕНИЕ РЕСПУБЛИКИ БАШКОРТОСТАН ""ГОСУДАРСТВЕННАЯ КАДАСТРОВАЯ ОЦЕНКА И ТЕХНИЧЕСКАЯ ИНВЕНТАРИЗАЦИЯ""";"Российская Федерация, 450097, Башкортостан Респ, Уфа г, УЛИЦА БЕССОНОВА, ДОМ 26/КОРПУС А";"БАШКОРТОСТАН РЕСП БЕССОНОВА УЛИЦА, Д. 26/КОРПУС А, УФА, РОССИЯ";-200;-200;NA;NA
"03015000010";"ГОСУДАРСТВЕННОЕ БЮДЖЕТНОЕ УЧРЕЖДЕНИЕ ЗДРАВООХРАНЕНИЯ РЕСПУБЛИКАНСКИЙ МЕДИКО-ГЕНЕТИЧЕСКИЙ ЦЕНТР";"Российская Федерация, 450076, Башкортостан Респ, Уфа г, УЛ ГАФУРИ, ДОМ 74";"БАШКОРТОСТАН РЕСП ГАФУРИ УЛИЦА, Д. 74, УФА, РОССИЯ";-200;-200;NA;NA
"05012000009";"ГОСУДАРСТВЕННОЕ УНИТАРНОЕ ПРЕДПРИЯТИЕ РЕСПУБЛИКИ БАШКОРТОСТАН БАШКИРСКОЕ ИЗДАТЕЛЬСТВО ""КИТАП"" ИМЕНИ ЗАЙНАБ БИИШЕВОЙ";"Российская Федерация, 450001, Башкортостан Респ, Уфа г, ОКТЯБРЯ, 2";"БАШКОРТОСТАН РЕСП ОКТЯБРЯ, Д. 2, УФА, РОССИЯ";-200;-200;NA;NA
"05012000033";"ГОСУДАРСТВЕННОЕ УНИТАРНОЕ ПРЕДПРИЯТИЕ ТЕЛЕРАДИОВЕЩАТЕЛЬНАЯ КОМПАНИЯ ""БАШКОРТОСТАН"" РЕСПУБЛИКИ БАШКОРТОСТАН";"Российская Федерация, 450076, Башкортостан Респ, Уфа г, УЛ ГАФУРИ, 9/1";"БАШКОРТОСТАН РЕСП ГАФУРИ УЛИЦА, Д. 9/1, УФА, РОССИЯ";-200;-200;NA;NA
"05013000037";"МУНИЦИПАЛЬНОЕ УНИТАРНОЕ ПРЕДПРИЯТИЕ ""СПЕЦИАЛИЗИРОВАННОЕ АВТОМОБИЛЬНОЕ ХОЗЯЙСТВО ПО УБОРКЕ ГОРОДА"" ГОРОДСКОГО ОКРУГА ГОРОД УФА РЕСПУБЛИКИ БАШКОРТОСТАН";" 450059, Башкортостан, Уфимский, Уфа, Гражданская Малая, дом 35";"БАШКОРТОСТАН, УФИМСКИЙ, УФА, ГРАЖДАНСКАЯ МАЛАЯ, Д. 35, 450059, БАШКОРТОСТАН, УФИМСКИЙ, УФА, ГРАЖДАНСКАЯ МАЛАЯ, ДОМ 35, РОССИЯ";-200;-200;NA;NA
"05013000060";"МУНИЦИПАЛЬНОЕ УНИТАРНОЕ ПРЕДПРИЯТИЕ ""ПРОДЮСЕРСКИЙ ЦЕНТР ""ВСЯ УФА"" ГОРОДСКОГО ОКРУГА ГОРОД УФА РЕСПУБЛИКИ БАШКОРТОСТАН";"450092, Башкортостан Республика, Уфа Город, Авроры Улица, дом 25, корпус -, строение -";"БАШКОРТОСТАН РЕСПУБЛИКА АВРОРЫ УЛИЦА, 25, КОРПУС -, Д. СТРОЕНИЕ -, УФА, РОССИЯ";-200;-200;NA;NA
"05015000013";"ГОСУДАРСТВЕННОЕ УНИТАРНОЕ ПРЕДПРИЯТИЕ РЕСПУБЛИКИ БАШКОРТОСТАН ИЗДАТЕЛЬСКИЙ ДОМ ""РЕСПУБЛИКА БАШКОРТОСТАН""";"450077, Башкортостан Республика, Уфа Город, 50-летия Октября Улица, дом 13";"БАШКОРТОСТАН РЕСПУБЛИКА 50-ЛЕТИЯ ОКТЯБРЯ УЛИЦА, Д. 13, УФА, РОССИЯ";-200;-200;NA;NA
"05016000023";"МУНИЦИПАЛЬНОЕ УНИТАРНОЕ ПРЕДПРИЯТИЕ УПРАВЛЕНИЕ ИНФРАСТРУКТУРОЙ ТРАНСПОРТА ГОРОДСКОГО ОКРУГА ГОРОД УФА РЕСПУБЛИКИ БАШКОРТОСТАН";"Российская Федерация,450001,Башкортостан Респ, Уфа г, Проспект Октября, д.2/1";"БАШКОРТОСТАН РЕСППРОСПЕКТСПЕКТ ОКТЯБРЯ, Д. 2/1, УФА, РОССИЯ";-200;-200;NA;NA
"05016000227";"ДАВЛЕКАНОВСКОЕ МУНИЦИПАЛЬНОЕ УНИТАРНОЕ ПРЕДПРИЯТИЕ ""ТЕПЛОВЫЕ СЕТИ"" РЕСПУБЛИКИ БАШКОРТОСТАН";"Российская Федерация, 453403, Башкортостан Респ, Давлекановский р-н, Давлеканово г, ПЕР КАРАНСКИЙ, 28/А";"БАШКОРТОСТАН РЕСП, ПЕР КАРАНСКИЙ, Д. 28/А, ДАВЛЕКАНОВО, РОССИЯ";-200;-200;NA;NA
"05016000228";"ДАВЛЕКАНОВСКОЕ МУНИЦИПАЛЬНОЕ УНИТАРНОЕ ПРЕДПРИЯТИЕ ""ГОРКОМСЕРВИС""";"Российская Федерация, 453400, Башкортостан Респ, Давлекановский р-н, Давлеканово г, УЛ ЭНГЕЛЬСА, ДОМ 12";"БАШКОРТОСТАН РЕСП, ЭНГЕЛЬСА УЛИЦА, Д. 12, ДАВЛЕКАНОВО, РОССИЯ";-200;-200;NA;NA
"08011000001";"ФЕДЕРАЛЬНОЕ КАЗЕННОЕ УЧРЕЖДЕНИЕ ""ЦЕНТР ХОЗЯЙСТВЕННОГО И СЕРВИСНОГО ОБЕСПЕЧЕНИЯ МИНИСТЕРСТВА ВНУТРЕННИХ ДЕЛ ПО РЕСПУБЛИКЕ БАШКОРТОСТАН""";"Российская Федерация, 450074, Башкортостан Респ, Уфа г, УЛ КОЛГУЕВСКАЯ, 31";"БАШКОРТОСТАН РЕСП КОЛГУЕВСКАЯ УЛИЦА, Д. 31, УФА, РОССИЯ";-200;-200;NA;NA
"08012000001";"ГОСУДАРСТВЕННОЕ КАЗЕННОЕ УЧРЕЖДЕНИЕ УПРАВЛЕНИЕ КАПИТАЛЬНОГО СТРОИТЕЛЬСТВА РЕСПУБЛИКИ БАШКОРТОСТАН";"Российская Федерация, 450055, Башкортостан Респ, Уфа г, УЛИЦА РОССИЙСКАЯ, ДОМ 72";"БАШКОРТОСТАН РЕСП РОССИЙСКАЯ УЛИЦА, Д. 72, УФА, РОССИЯ";-200;-200;NA;NA
"08012000002";"ГОСУДАРСТВЕННОЕ КАЗЕННОЕ УЧРЕЖДЕНИЕ УПРАВЛЕНИЕ МАТЕРИАЛЬНО-ТЕХНИЧЕСКОГО ОБЕСПЕЧЕНИЯ МИНИСТЕРСТВА ЗДРАВООХРАНЕНИЯ РЕСПУБЛИКИ БАШКОРТОСТАН";"Российская Федерация, 450002, Башкортостан Респ, Уфа г, улица Тукаева, 23, -";"БАШКОРТОСТАН РЕСП ТУКАЕВА УЛИЦА, Д. 23, УФА, РОССИЯ";-200;-200;NA;NA
"08012000004";"ГОСУДАРСТВЕННОЕ КАЗЕННОЕ УЧРЕЖДЕНИЕ РЕСПУБЛИКИ БАШКОРТОСТАН ТРАНСПОРТНОЕ УПРАВЛЕНИЕ";"Российская Федерация, 450077, Башкортостан Респ, Уфа г, Пушкина, 103";"БАШКОРТОСТАН РЕСП ПУШКИНА, Д. 103, УФА, РОССИЯ";-200;-200;NA;NA
"08012000006";"ГОСУДАРСТВЕННОЕ КАЗЕННОЕ УЧРЕЖДЕНИЕ УПРАВЛЕНИЕ ДОРОЖНОГО ХОЗЯЙСТВА РЕСПУБЛИКИ БАШКОРТОСТАН";"Российская Федерация, 450078, Башкортостан Респ, Уфа г, УЛИЦА КИРОВА, 128/А";"БАШКОРТОСТАН РЕСП КИРОВА УЛИЦА, Д. 128/А, УФА, РОССИЯ";-200;-200;NA;NA
"08012000012";"ГОСУДАРСТВЕННОЕ КАЗЕННОЕ УЧРЕЖДЕНИЕ РЕСПУБЛИКАНСКИЙ ЦЕНТР СОЦИАЛЬНОЙ ПОДДЕРЖКИ НАСЕЛЕНИЯ";"Российская Федерация, 450059, Башкортостан Респ, Уфа г, УЛИЦА БОЛЬШАЯ ГРАЖДАНСКАЯ, ДОМ 24";"БАШКОРТОСТАН РЕСП БОЛЬШАЯ ГРАЖДАНСКАЯ УЛИЦА, Д. 24, УФА, РОССИЯ";-200;-200;NA;NA
"08012000017";"ГОСУДАРСТВЕННОЕ КАЗЕННОЕ УЧРЕЖДЕНИЕ ""ГОСУДАРСТВЕННОЕ ЮРИДИЧЕСКОЕ БЮРО РЕСПУБЛИКИ БАШКОРТОСТАН""";"450008, Российская Федерация, Республика Башкортостан, г. Уфа, ул. Октябрьской Революции, 3";"РЕСПУБЛИКА БАШКОРТОСТАН, ОКТЯБРЬСКОЙ РЕВОЛЮЦИИ УЛИЦА, Д. 3, УФА, РОССИЯ";-200;-200;NA;NA
"08013000004";"МУНИЦИПАЛЬНОЕ КАЗЕННОЕ УЧРЕЖДЕНИЕ ""УПРАВЛЕНИЕ БЛАГОУСТРОЙСТВА"" ГОРОДСКОГО ПОСЕЛЕНИЯ ГОРОД БИРСК МУНИЦИПАЛЬНОГО РАЙОНА БИРСКИЙ РАЙОН РЕСПУБЛИКИ БАШКОРТОСТАН";"Российская Федерация, 452451, Башкортостан Респ, Бирский р-н, Бирск г, УЛИЦА ПРОЛЕТАРСКАЯ, ДОМ 122";"БАШКОРТОСТАН РЕСП,ПРОСПЕКТ ,ЛЕТАРСКАЯ УЛИЦА, Д. 122, БИРСК, РОССИЯ";-200;-200;NA;NA
"08013000070";"МУНИЦИПАЛЬНОЕ БЮДЖЕТНОЕ УЧРЕЖДЕНИЕ""УПРАВЛЕНИЕ ГОРОДСКОГО ХОЗЯЙСТВА"" ГОРОДСКОГО ОКРУГА ЗАКРЫТОЕ АДМИНИСТРАТИВНО-ТЕРРИТОРИАЛЬНОЕ ОБРАЗОВАНИЕ ГОРОД МЕЖГОРЬЕ РЕСПУБЛИКИ БАШКОРТОСТАН";"Российская Федерация, 453571, Башкортостан Респ, Межгорье г, УЛИЦА 40 ЛЕТ ПОБЕДЫ, ДОМ 60/ЭТАЖ 3, ОФИС 5";"БАШКОРТОСТАН РЕСП 40 ЛЕТ ПОБЕДЫ УЛИЦА, Д. 60/ЭТАЖ 3, МЕЖГОРЬЕ, РОССИЯ";-200;-200;NA;NA
"08013000114";"МУНИЦИПАЛЬНОЕ КАЗЕННОЕ УЧРЕЖДЕНИЕ ""ЦЕНТРАЛИЗОВАННАЯ БУХГАЛТЕРИЯ МУНИЦИПАЛЬНОГО РАЙОНА ШАРАНСКИЙ РАЙОН РЕСПУБЛИКИ БАШКОРТОСТАН""";"Российская Федерация, 452630, Башкортостан Респ, Шаранский р-н, Шаран с, УЛИЦА СВЕРДЛОВА, ДОМ 1";"БАШКОРТОСТАН РЕСП, СВЕРДЛОВА УЛИЦА, Д. 1, ШАРАН, РОССИЯ";-200;-200;NA;NA
"08013000115";"МУНИЦИПАЛЬНОЕ КАЗЕННОЕ УЧРЕЖДЕНИЕ ""УПРАВЛЕНИЕ МУНИЦИПАЛЬНЫМИ ЗАКАЗАМИ"" МУНИЦИПАЛЬНОГО РАЙОНА КАРМАСКАЛИНСКИЙ РАЙОН РЕСПУБЛИКИ БАШКОРТОСТАН";"Российская Федерация, 453020, Башкортостан Респ, Кармаскалинский р-н, Кармаскалы с, УЛ САДОВАЯ, ДОМ 23";"БАШКОРТОСТАН РЕСП, САДОВАЯ УЛИЦА, Д. 23, КАРМАСКАЛЫ, РОССИЯ";-200;-200;NA;NA
"08013000119";"МУНИЦИПАЛЬНОЕ КАЗЕННОЕ УЧРЕЖДЕНИЕ ""ЦЕНТР ЗАКУПОЧНЫХ ПРОЦЕДУР"" ГОРОДСКОГО ОКРУГА ГОРОД САЛАВАТ РЕСПУБЛИКИ БАШКОРТОСТАН";"Российская Федерация, 453259, Башкортостан Респ, Салават г, УЛ ГАФУРИ, ДОМ 7";"БАШКОРТОСТАН РЕСП ГАФУРИ УЛИЦА, Д. 7, САЛАВАТ, РОССИЯ";-200;-200;NA;NA
"08013000121";"МУНИЦИПАЛЬНОЕ КАЗЕННОЕ УЧРЕЖДЕНИЕ ""ЦЕНТР ПО ОСУЩЕСТВЛЕНИЮ ЗАКУПОК"" МУНИЦИПАЛЬНОГО РАЙОНА ЧИШМИНСКИЙ РАЙОН РЕСПУБЛИКИ БАШКОРТОСТАН";"Российская Федерация, 452172, Башкортостан Респ, Чишминский р-н, Чишмы рп, УЛИЦА СТРОИТЕЛЬНАЯ, ДОМ 5";"БАШКОРТОСТАН РЕСП ЧИШМЫ РП, СТРОИТЕЛЬНАЯ УЛИЦА, Д. 5, РОССИЙСКАЯ ФЕДЕРАЦИЯ, 452172, БАШКОРТОСТАН РЕСП, ЧИШМИНСКИЙ Р-Н, ЧИШМЫ РП, УЛИЦА СТРОИТЕЛЬНАЯ, ДОМ 5, РОССИЯ";-200;-200;NA;NA
"08013000122";"МУНИЦИПАЛЬНОЕ КАЗЕННОЕ УЧРЕЖДЕНИЕ ""УПРАВЛЕНИЕ КООРДИНАЦИИ, ПРАВОВОЙ ЭКСПЕРТИЗЫ И РАЗМЕЩЕНИЯ ЗАКУПОК МУНИЦИПАЛЬНОГО РАЙОНА УЧАЛИНСКИЙ РАЙОН РЕСПУБЛИКИ БАШКОРТОСТАН""";"Российская Федерация, 453700, Башкортостан Респ, Учалинский р-н, Учалы г, УЛИЦА К.МАРКСА, ДОМ 20";"БАШКОРТОСТАН РЕСП, КАРЛА МАРКСА УЛИЦА, Д. 20, УЧАЛЫ, РОССИЯ";-200;-200;NA;NA
"08013000128";"МУНИЦИПАЛЬНОЕ КАЗЕННОЕ УЧРЕЖДЕНИЕ ""УПРАВЛЕНИЕ ПО ЦЕНТРАЛИЗОВАННЫМ ЗАКУПКАМ"" МУНИЦИПАЛЬНОГО РАЙОНА УФИМСКИЙ РАЙОН РЕСПУБЛИКИ БАШКОРТОСТАН";"Российская Федерация, 450580, Башкортостан Респ, Уфимский р-н, Авдон с, УЛИЦА ЛЕСОПАРКОВАЯ, ДОМ 7";"БАШКОРТОСТАН РЕСП, ЛЕСОПАРКОВАЯ УЛИЦА, Д. 7, АВДОН, РОССИЯ";-200;-200;NA;NA
"08013000132";"МУНИЦИПАЛЬНОЕ КАЗЕННОЕ УЧРЕЖДЕНИЕ ""УПРАВЛЕНИЕ МУНИЦИПАЛЬНЫМИ ЗАКАЗАМИ"" МУНИЦИПАЛЬНОГО РАЙОНА ИЛИШЕВСКИЙ РАЙОН РЕСПУБЛИКИ БАШКОРТОСТАН";"Российская Федерация, 452260, Башкортостан Респ, Илишевский р-н, Верхнеяркеево с, УЛ СОВЕТСКАЯ, ДОМ 20";"БАШКОРТОСТАН РЕСП, СОВЕТСКАЯ УЛИЦА, Д. 20, ВЕРХНЕЯРКЕЕВО, РОССИЯ";-200;-200;NA;NA
"08013000143";"МУНИЦИПАЛЬНОЕ КАЗЕННОЕ УЧРЕЖДЕНИЕ ""ЦЕНТР МУНИЦИПАЛЬНЫХ ЗАКУПОК"" ГОРОДСКОГО ОКРУГА ГОРОД ОКТЯБРЬСКИЙ РЕСПУБЛИКИ БАШКОРТОСТАН";"Российская Федерация, 452614, Башкортостан Респ, Октябрьский г, УЛ ЧАПАЕВА, ДОМ 23";"БАШКОРТОСТАН РЕСП ЧАПАЕВА УЛИЦА, Д. 23, ОКТЯБРЬСКИЙ, РОССИЯ";-200;-200;NA;NA
"08013000149";"МУНИЦИПАЛЬНОЕ КАЗЕННОЕ УЧРЕЖДЕНИЕ ""ЦЕНТРАЛИЗОВАННАЯ БУХГАЛТЕРИЯ СЕЛЬСКИХ ПОСЕЛЕНИЙ МУНИЦИПАЛЬНОГО РАЙОНА ИГЛИНСКИЙ РАЙОН РЕСПУБЛИКИ БАШКОРТОСТАН""";"Российская Федерация, 452410, Башкортостан Респ, Иглинский р-н, Иглино с, УЛ СВЕРДЛОВА, ДОМ 13";"БАШКОРТОСТАН РЕСП, СВЕРДЛОВА УЛИЦА, Д. 13, ИГЛИНО, РОССИЯ";-200;-200;NA;NA
"08013000165";"МУНИЦИПАЛЬНОЕ КАЗЕННОЕ УЧРЕЖДЕНИЕ ""ЦЕНТР МУНИЦИПАЛЬНЫХ ЗАКУПОК"" МУНИЦИПАЛЬНОГО РАЙОНА ТУЙМАЗИНСКИЙ РАЙОН РЕСПУБЛИКИ БАШКОРТОСТАН";"Российская Федерация, 452755, Башкортостан Респ, Туймазинский р-н, Туймазы г, УЛ ОСТРОВСКОГО, ДОМ 34";"БАШКОРТОСТАН РЕСП, ОСТРОВСКОГО УЛИЦА, Д. 34, ТУЙМАЗЫ, РОССИЯ";-200;-200;NA;NA
"08015000001";"ГОСУДАРСТВЕННОЕ КАЗЕННОЕ УЧРЕЖДЕНИЕ РЕСПУБЛИКАНСКИЙ ЦЕНТР СОЦИАЛЬНОГО ОБСЛУЖИВАНИЯ НАСЕЛЕНИЯ";"Российская Федерация, 450022, Башкортостан Респ, Уфа г, УЛ МЕНДЕЛЕЕВА, ДОМ 136/КОРПУС 2";"БАШКОРТОСТАН РЕСП МЕНДЕЛЕЕВА УЛИЦА, Д. 136/КОРПУС 2, УФА, РОССИЯ";-200;-200;NA;NA
"08015000002";"ГОСУДАРСТВЕННОЕ КАЗЕННОЕ УЧРЕЖДЕНИЕ РЕСПУБЛИКИ БАШКОРТОСТАН ""УПРАВЛЕНИЕ ЛЕСНИЧЕСТВАМИ""";"Российская Федерация, 450071, Башкортостан Респ, Уфа г, ПРОЕЗД ЛЕСНОЙ, ДОМ 1";"БАШКОРТОСТАН РЕСППРОСПЕКТЕЗД ЛЕСНОЙ, Д. 1, УФА, РОССИЯ";-200;-200;NA;NA
"08015000005";"ГОСУДАРСТВЕННОЕ КАЗЕННОЕ УЧРЕЖДЕНИЕ РЕСПУБЛИКИ БАШКОРТОСТАН ""ЦЕНТР ФИНАНСОВОЙ ОТЧЕТНОСТИ""";"Российская Федерация, 450008, Башкортостан Респ, Уфа г, УЛ ПУШКИНА, ДОМ 106";"БАШКОРТОСТАН РЕСП ПУШКИНА УЛИЦА, Д. 106, УФА, РОССИЯ";-200;-200;NA;NA
"08015000009";"ГОСУДАРСТВЕННОЕ КАЗЕННОЕ УЧРЕЖДЕНИЕ ПРОТИВОПОЖАРНАЯ СЛУЖБА РЕСПУБЛИКИ БАШКОРТОСТАН";"Российская Федерация, 450005, Башкортостан Респ, Уфа г, УЛИЦА ДОСТОЕВСКОГО, ДОМ 89А";"БАШКОРТОСТАН РЕСП ДОСТОЕВСКОГО УЛИЦА, Д. 89А, УФА, РОССИЯ";-200;-200;NA;NA
"08016000002";"МУНИЦИПАЛЬНОЕ КАЗЕННОЕ УЧРЕЖДЕНИЕ ""УПРАВЛЕНИЕ МУНИЦИПАЛЬНЫМИ ЗАКАЗАМИ МУНИЦИПАЛЬНОГО РАЙОНА ДЮРТЮЛИНСКИЙ РАЙОН РЕСПУБЛИКИ БАШКОРТОСТАН""";"Российская Федерация, 452320, Башкортостан Респ, Дюртюлинский р-н, Дюртюли г, ПЕР МАРИИ ЯКУТОВОЙ, ДОМ 4";"БАШКОРТОСТАН РЕСП, ПЕР МАРИИ ЯКУТОВОЙ, Д. 4, ДЮРТЮЛИ, РОССИЯ";-200;-200;NA;NA
"08016000005";"МУНИЦИПАЛЬНОЕ КАЗЕННОЕ УЧРЕЖДЕНИЕ ""ЦЕНТРАЛИЗОВАННАЯ БУХГАЛТЕРИЯ МУНИЦИПАЛЬНОГО РАЙОНА ГАФУРИЙСКИЙ РАЙОН РЕСПУБЛИКИ БАШКОРТОСТАН""";"Российская Федерация, 453050, Башкортостан Респ, Гафурийский р-н, Красноусольский с, УЛИЦА КОММУНИСТИЧЕСКАЯ, ДОМ 15";"БАШКОРТОСТАН РЕСП, КОММУНИСТИЧЕСКАЯ УЛИЦА, Д. 15, КРАСНОУСОЛЬСКИЙ, РОССИЯ";-200;-200;NA;NA
"08016000018";"МУНИЦИПАЛЬНОЕ КАЗЕННОЕ УЧРЕЖДЕНИЕ ""УПРАВЛЕНИЕ МУНИЦИПАЛЬНЫМИ ЗАКАЗАМИ"" МУНИЦИПАЛЬНОГО РАЙОНА КАРАИДЕЛЬСКИЙ РАЙОН РЕСПУБЛИКИ БАШКОРТОСТАН";"Российская Федерация, 452360, Башкортостан Респ, Караидельский р-н, Караидель с, УЛИЦА ЛЕНИНА, ДОМ 31";"БАШКОРТОСТАН РЕСП, ЛЕНИНА УЛИЦА, Д. 31, КАРАИДЕЛЬ, РОССИЯ";-200;-200;NA;NA
